text,label
tôi bị đau đầu dữ dội nửa đầu kèm buồn nôn,Khoa Thần kinh
thường xuyên chóng mặt hoa mắt khi đứng lên,Khoa Thần kinh
đau tức ngực trái lan ra tay khó thở vã mồ hôi,Khoa Tim mạch
tim đập nhanh hồi hộp đánh trống ngực,Khoa Tim mạch
nổi mẩn đỏ ngứa khắp người sau khi ăn hải sản,Khoa Da liễu
da bị nổi bọng nước và rát ở vùng lưng,Khoa Da liễu
đau quặn bụng dưới đi ngoài phân lỏng liên tục,Khoa Tiêu hóa
ợ chua buồn nôn đau rát vùng thượng vị,Khoa Tiêu hóa
ho khan kéo dài sốt nhẹ về chiều,Khoa Hô hấp
khó thở khò khè nhiều đờm đặc,Khoa Hô hấp
