disease,department
abdominal_aortic_aneurysm,
abdominal_hernia,
abscess_of_nose,
abscess_of_the_lung,
abscess_of_the_pharynx,
acanthosis_nigricans,
acariasis,
achalasia,
acne,
actinic_keratosis,
acute_bronchiolitis,
acute_bronchitis,
acute_bronchospasm,
acute_fatty_liver_of_pregnancy_aflp,
acute_glaucoma,
acute_kidney_injury,
acute_otitis_media,
acute_pancreatitis,
acute_respiratory_distress_syndrome_ards,
acute_sinusitis,
adhesive_capsulitis_of_the_shoulder,
adrenal_adenoma,
adrenal_cancer,
alcoholic_liver_disease,
allergy,
allergy_to_animals,
alopecia,
alzheimer_disease,
amblyopia,
amyloidosis,
amyotrophic_lateral_sclerosis_als,
anal_fissure,
anal_fistula,
anemia,
anemia_due_to_chronic_kidney_disease,
anemia_due_to_malignancy,
anemia_of_chronic_disease,
angina,
ankylosing_spondylitis,
aortic_valve_disease,
aphakia,
aphthous_ulcer,
aplastic_anemia,
appendicitis,
arrhythmia,
arthritis_of_the_hip,
ascending_cholangitis,
aspergillosis,
asthma,
astigmatism,
atelectasis,
athlete_s_foot,
atonic_bladder,
atrial_fibrillation,
atrial_flutter,
atrophic_skin_condition,
atrophic_vaginitis,
atrophy_of_the_corpus_cavernosum,
autonomic_nervous_system_disorder,
avascular_necrosis,
balanitis,
bell_palsy,
benign_kidney_cyst,
benign_paroxysmal_positional_vertical_bppv,
benign_prostatic_hyperplasia_bph,
benign_vaginal_discharge_leukorrhea,
birth_trauma,
bladder_cancer,
bladder_disorder,
bladder_obstruction,
blepharitis,
blepharospasm,
bone_cancer,
bone_disorder,
bone_spur_of_the_calcaneous,
brachial_neuritis,
brain_cancer,
breast_cancer,
breast_cyst,
breast_infection_mastitis,
broken_tooth,
bunion,
bursitis,
callus,
carcinoid_syndrome,
cardiac_arrest,
cardiomyopathy,
carpal_tunnel_syndrome,
cat_scratch_disease,
cataract,
celiac_disease,
cellulitis_or_abscess_of_mouth,
central_atherosclerosis,
central_retinal_artery_or_vein_occlusion,
cerebral_edema,
cerebral_palsy,
cervical_cancer,
cervical_disorder,
cervicitis,
chalazion,
chickenpox,
chlamydia,
cholecystitis,
choledocholithiasis,
cholesteatoma,
chondromalacia_of_the_patella,
chorioretinitis,
chronic_back_pain,
chronic_constipation,
chronic_glaucoma,
chronic_inflammatory_demyelinating_polyneuropathy_cidp,
chronic_kidney_disease,
chronic_knee_pain,
chronic_obstructive_pulmonary_disease_copd,
chronic_otitis_media,
chronic_pancreatitis,
chronic_rheumatic_fever,
chronic_sinusitis,
chronic_ulcer,
cirrhosis,
coagulation_bleeding_disorder,
cold_sore,
colonic_polyp,
colorectal_cancer,
common_cold,
complex_regional_pain_syndrome,
conductive_hearing_loss,
congenital_heart_defect,
congenital_malformation_syndrome,
conjunctivitis,
conjunctivitis_due_to_allergy,
conjunctivitis_due_to_bacteria,
conjunctivitis_due_to_virus,
connective_tissue_disorder,
contact_dermatitis,
cornea_infection,
corneal_abrasion,
corneal_disorder,
coronary_atherosclerosis,
cranial_nerve_palsy,
crohn_disease,
croup,
cryptococcosis,
cryptorchidism,
cushing_syndrome,
cyst_of_the_eyelid,
cystic_fibrosis,
cysticercosis,
cystitis,
de_quervain_disease,
decubitus_ulcer,
deep_vein_thrombosis_dvt,
degenerative_disc_disease,
dementia,
dengue_fever,
dental_caries,
dermatitis_due_to_sun_exposure,
deviated_nasal_septum,
diabetes,
diabetes_insipidus,
diabetic_ketoacidosis,
diabetic_kidney_disease,
diabetic_peripheral_neuropathy,
diabetic_retinopathy,
diaper_rash,
diverticulitis,
diverticulosis,
down_syndrome,
dry_eye_of_unknown_cause,
dumping_syndrome,
dyshidrosis,
ear_drum_damage,
ear_wax_impaction,
ectopic_pregnancy,
ectropion,
eczema,
edward_syndrome,
emphysema,
empyema,
encephalitis,
endocarditis,
endometrial_cancer,
endometrial_hyperplasia,
endometriosis,
endophthalmitis,
ependymoma,
epididymitis,
epidural_hemorrhage,
epilepsy,
erectile_dysfunction,
erythema_multiforme,
esophageal_cancer,
esophageal_varices,
esophagitis,
essential_tremor,
eustachian_tube_dysfunction_ear_disorder,
eye_alignment_disorder,
female_genitalia_infection,
female_infertility_of_unknown_cause,
fetal_alcohol_syndrome,
fibroadenoma,
fibrocystic_breast_disease,
fibromyalgia,
flat_feet,
floaters,
flu,
fluid_overload,
folate_deficiency,
food_allergy,
friedrich_ataxia,
frostbite,
fungal_infection_of_the_hair,
fungal_infection_of_the_skin,
g6pd_enzyme_deficiency,
galactorrhea_of_unknown_cause,
gallstone,
ganglion_cyst,
gas_gangrene,
gastritis,
gastroduodenal_ulcer,
gastroesophageal_reflux_disease_gerd,
gastrointestinal_hemorrhage,
gastroparesis,
genital_herpes,
gestational_diabetes,
glaucoma,
glucocorticoid_deficiency,
goiter,
gonorrhea,
gout,
granuloma_inguinale,
graves_disease,
guillain_barre_syndrome,
gum_disease,
gynecomastia,
hammer_toe,
hashimoto_thyroiditis,
head_and_neck_cancer,
heart_attack,
heart_block,
heart_failure,
heat_exhaustion,
heat_stroke,
hemangioma,
hemarthrosis,
hematoma,
hemiplegia,
hemochromatosis,
hemolytic_anemia,
hemophilia,
hemorrhoids,
hepatic_encephalopathy,
hepatitis_due_to_a_toxin,
herniated_disk,
herpangina,
hiatal_hernia,
hidradenitis_suppurativa,
high_blood_pressure,
hirschsprung_disease,
hirsutism,
histoplasmosis,
hormone_disorder,
hpv,
human_immunodeficiency_virus_infection_hiv,
huntington_disease,
hydatidiform_mole,
hydrocele_of_the_testicle,
hydrocephalus,
hydronephrosis,
hypercalcemia,
hypercholesterolemia,
hyperemesis_gravidarum,
hypergammaglobulinemia,
hyperhidrosis,
hyperkalemia,
hyperlipidemia,
hypernatremia,
hyperopia,
hyperosmotic_hyperketotic_state,
hypertension_of_pregnancy,
hypertensive_heart_disease,
hypertrophic_obstructive_cardiomyopathy_hocm,
hypocalcemia,
hypoglycemia,
hypokalemia,
hyponatremia,
hypothermia,
hypothyroidism,
hypovolemia,
idiopathic_absence_of_menstruation,
idiopathic_excessive_menstruation,
idiopathic_infrequent_menstruation,
idiopathic_irregular_menstrual_cycle,
idiopathic_nonmenstrual_bleeding,
idiopathic_painful_menstruation,
ileus,
impetigo,
indigestion,
infectious_gastroenteritis,
ingrown_toe_nail,
inguinal_hernia,
interstitial_lung_disease,
intertrigo_skin_condition,
intestinal_cancer,
intestinal_disease,
intestinal_malabsorption,
intestinal_obstruction,
intracerebral_hemorrhage,
intracranial_abscess,
intracranial_hemorrhage,
intussusception,
iridocyclitis,
iron_deficiency_anemia,
irritable_bowel_syndrome,
ischemia_of_the_bowel,
ischemic_heart_disease,
itching_of_unknown_cause,
jaw_disorder,
joint_effusion,
juvenile_rheumatoid_arthritis,
kaposi_sarcoma,
kidney_cancer,
kidney_failure,
kidney_stone,
labyrinthitis,
lactose_intolerance,
laryngitis,
lateral_epicondylitis_tennis_elbow,
leukemia,
lewy_body_dementia,
lice,
lichen_planus,
lichen_simplex,
lipoma,
liver_cancer,
liver_disease,
lumbago,
lung_cancer,
lyme_disease,
lymphadenitis,
lymphangitis,
lymphedema,
lymphogranuloma_venereum,
lymphoma,
macular_degeneration,
magnesium_deficiency,
malaria,
male_genitalia_infection,
malignant_hypertension,
mastectomy,
mastoiditis,
meckel_diverticulum,
melanoma,
meniere_disease,
meningioma,
meningitis,
menopause,
metabolic_disorder,
metastatic_cancer,
migraine,
missed_abortion,
mitral_valve_disease,
mittelschmerz,
molluscum_contagiosum,
mononeuritis,
mononucleosis,
moyamoya_disease,
mucositis,
multiple_myeloma,
multiple_sclerosis,
mumps,
muscle_spasm,
muscular_dystrophy,
myasthenia_gravis,
myelodysplastic_syndrome,
myocarditis,
myoclonus,
myopia,
myositis,
narcolepsy,
nasal_polyp,
necrotizing_fasciitis,
neonatal_jaundice,
nerve_impingement_near_the_shoulder,
neuralgia,
neurofibromatosis,
neuropathy_due_to_drugs,
nonalcoholic_liver_disease_nash,
noninfectious_gastroenteritis,
normal_pressure_hydrocephalus,
nose_disorder,
obesity,
obstructive_sleep_apnea_osa,
omphalitis,
onychomycosis,
optic_neuritis,
oral_leukoplakia,
oral_mucosal_lesion,
oral_thrush_yeast_infection,
orbital_cellulitis,
orthostatic_hypotension,
osteoarthritis,
osteochondroma,
osteochondrosis,
osteomyelitis,
osteoporosis,
otitis_externa_swimmer_s_ear,
otitis_media,
otosclerosis,
ovarian_cancer,
ovarian_cyst,
ovarian_torsion,
overflow_incontinence,
pancreatic_cancer,
parasitic_disease,
parathyroid_adenoma,
parkinson_disease,
paronychia,
paroxysmal_supraventricular_tachycardia,
paroxysmal_ventricular_tachycardia,
pelvic_fistula,
pelvic_inflammatory_disease,
pelvic_organ_prolapse,
pemphigus,
pericarditis,
peripheral_arterial_disease,
peripheral_arterial_embolism,
peripheral_nerve_disorder,
perirectal_infection,
peritonitis,
peritonsillar_abscess,
persistent_vomiting_of_unknown_cause,
peyronie_disease,
pharyngitis,
phimosis,
pilonidal_cyst,
pinguecula,
pinworm_infection,
pituitary_adenoma,
pituitary_disorder,
pityriasis_rosea,
placenta_previa,
placental_abruption,
plantar_fasciitis,
pleural_effusion,
pneumoconiosis,
pneumonia,
pneumothorax,
polycystic_kidney_disease,
polycystic_ovarian_syndrome_pcos,
polycythemia_vera,
polymyalgia_rheumatica,
postoperative_infection,
preeclampsia,
pregnancy,
premature_atrial_contractions_pacs,
premature_ovarian_failure,
premature_rupture_of_amniotic_membrane,
premature_ventricular_contractions_pvcs,
premenstrual_tension_syndrome,
presbyacusis,
presbyopia,
priapism,
primary_immunodeficiency,
primary_kidney_disease,
primary_thrombocythemia,
prostate_cancer,
prostatitis,
protein_deficiency,
pseudohypoparathyroidism,
pseudotumor_cerebri,
psoriasis,
pterygium,
pulmonary_congestion,
pulmonary_embolism,
pulmonary_eosinophilia,
pulmonary_fibrosis,
pulmonary_hypertension,
pulmonic_valve_disease,
pyelonephritis,
pyloric_stenosis,
pyogenic_skin_infection,
raynaud_disease,
reactive_arthritis,
rectal_disorder,
restless_leg_syndrome,
retinal_detachment,
retinopathy_due_to_high_blood_pressure,
rhabdomyolysis,
rheumatic_fever,
rheumatoid_arthritis,
rocky_mountain_spotted_fever,
rosacea,
salivary_gland_disorder,
sarcoidosis,
scabies,
scar,
scarlet_fever,
sciatica,
scleritis,
scleroderma,
scoliosis,
scurvy,
seasonal_allergies_hay_fever,
sebaceous_cyst,
seborrheic_dermatitis,
seborrheic_keratosis,
sensorineural_hearing_loss,
sepsis,
septic_arthritis,
shingles_herpes_zoster,
sialoadenitis,
sick_sinus_syndrome,
sickle_cell_anemia,
sickle_cell_crisis,
sinus_bradycardia,
sjogren_syndrome,
skin_cancer,
skin_disorder,
skin_pigmentation_disorder,
skin_polyp,
soft_tissue_sarcoma,
spermatocele,
spherocytosis,
spina_bifida,
spinal_stenosis,
spinocerebellar_ataxia,
spondylitis,
spondylolisthesis,
spondylosis,
spontaneous_abortion,
sporotrichosis,
stenosis_of_the_tear_duct,
stomach_cancer,
strep_throat,
stress_incontinence,
stricture_of_the_esophagus,
stroke,
stye,
subacute_thyroiditis,
subarachnoid_hemorrhage,
subconjunctival_hemorrhage,
subdural_hemorrhage,
syndrome_of_inappropriate_secretion_of_adh_siadh,
syphilis,
syringomyelia,
systemic_lupus_erythematosis_sle,
temporary_or_benign_blood_in_urine,
temporomandibular_joint_disorder,
tendinitis,
tension_headache,
testicular_cancer,
testicular_disorder,
testicular_torsion,
thalassemia,
thoracic_aortic_aneurysm,
thoracic_outlet_syndrome,
threatened_pregnancy,
thrombocytopenia,
thrombophlebitis,
thyroid_cancer,
thyroid_disease,
thyroid_nodule,
tietze_syndrome,
tinnitus_of_unknown_cause,
tonsillar_hypertrophy,
tonsillitis,
tooth_abscess,
tooth_disorder,
torticollis,
toxic_multinodular_goiter,
toxoplasmosis,
tracheitis,
transient_ischemic_attack,
trichiasis,
trichinosis,
trichomonas_infection,
tricuspid_valve_disease,
trigeminal_neuralgia,
trigger_finger_finger_disorder,
tuberculosis,
tuberous_sclerosis,
turner_syndrome,
typhoid_fever,
ulcerative_colitis,
urethral_disorder,
urethral_stricture,
urethral_valves,
urethritis,
urge_incontinence,
urinary_tract_infection,
urinary_tract_obstruction,
uterine_atony,
uterine_cancer,
uterine_fibroids,
uveitis,
vacterl_syndrome,
vaginal_cyst,
vaginal_yeast_infection,
vaginitis,
valley_fever,
varicocele_of_the_testicles,
varicose_veins,
vasculitis,
venous_insufficiency,
vertebrobasilar_insufficiency,
vesicoureteral_reflux,
viral_exanthem,
viral_hepatitis,
viral_warts,
vitamin_a_deficiency,
vitamin_b12_deficiency,
vitamin_d_deficiency,
vitreous_degeneration,
vitreous_hemorrhage,
vocal_cord_polyp,
volvulus,
von_willebrand_disease,
vulvar_cancer,
vulvar_disorder,
vulvodynia,
wernicke_korsakoff_syndrome,
white_blood_cell_disease,
whooping_cough,
wilson_disease,
yeast_infection,
zenker_diverticulum,
