disease,symptoms
vocal cord polyp,"hoarse voice, sore throat, difficulty speaking, throat swelling, throat feels tight"
turner syndrome,"depression, emotional symptoms"
cryptorchidism,"lack of growth, symptoms of the scrotum and testes, swelling of scrotum"
atrophic vaginitis,"suprapubic pain, vaginal itching, painful urination, involuntary urination, pain during intercourse, frequent urination, vaginal discharge, blood in urine"
cellulitis or abscess of mouth,"sore throat, throat swelling, difficulty in swallowing, lip swelling, toothache, abnormal appearing skin, skin growth"
eye alignment disorder,"lack of growth, eye deviation, diminished vision, double vision, cross-eyed, symptoms of eye, pain in eye, eye moves abnormally, irregular appearing scalp"
pyloric stenosis,"cough, vomiting, arm stiffness or tightness"
salivary gland disorder,"sore throat, cough, throat feels tight, swollen lymph nodes"
osteochondrosis,"hand or finger pain, knee pain, foot or toe pain, bowlegged or knock-kneed, ankle pain, elbow pain"
metabolic disorder,"jaundice, arm stiffness or tightness, weight gain, smoking problems"
vaginitis,"suprapubic pain, sharp abdominal pain, vaginal itching, painful urination, pain during intercourse, lower abdominal pain, vaginal discharge, pain during pregnancy, pelvic pain, vaginal pain, vaginal redness"
sick sinus syndrome,"shortness of breath, dizziness, palpitations, irregular heartbeat, fainting, weakness, decreased heart rate, increased heart rate"
tinnitus of unknown cause,"dizziness, hoarse voice, diminished hearing, headache, ear pain, ringing in ear, plugged feeling in ear, itchy ear(s)"
glaucoma,"diminished vision, symptoms of eye, pain in eye, foreign body sensation in eye, spots or clouds in vision, eye redness, lacrimation, itchiness of eye, itchy eyelid"
transient ischemic attack,"depressive or psychotic symptoms, dizziness, difficulty speaking, headache, weakness, loss of sensation, focal weakness, symptoms of the face, disturbance of memory, paresthesia"
pyelonephritis,"suprapubic pain, sharp abdominal pain, vomiting, nausea, painful urination, frequent urination, lower abdominal pain, blood in urine, back pain, low back pain, side pain"
liver cancer,"groin mass, sharp abdominal pain, decreased appetite, upper abdominal pain, stomach bloating"
atelectasis,"shortness of breath, sharp chest pain, dizziness, sore throat, cough, headache"
choledocholithiasis,"sharp chest pain, jaundice, sharp abdominal pain, vomiting, nausea, decreased appetite, side pain, upper abdominal pain, chills"
cirrhosis,"shortness of breath, blood in stool, sharp abdominal pain, vomiting blood, regurgitation, peripheral edema, upper abdominal pain, abdominal distention, regurgitation.1"
thoracic aortic aneurysm,"shortness of breath, sharp chest pain, dizziness, chest tightness, jaundice, sharp abdominal pain, fatigue"
subdural hemorrhage,"depressive or psychotic symptoms, dizziness, irritable infant, vomiting, headache, facial pain"
diabetic retinopathy,"diminished vision, double vision, symptoms of eye, pain in eye, abnormal movement of eyelid, foreign body sensation in eye, spots or clouds in vision, lacrimation, itchiness of eye"
fibromyalgia,"sharp chest pain, leg pain, hip pain, headache, arm pain, back pain, neck pain, low back pain, muscle pain, ache all over"
ischemia of the bowel,"retention of urine, blood in stool, sharp abdominal pain, vomiting, nausea, burning abdominal pain, constipation"
fetal alcohol syndrome,"depressive or psychotic symptoms, emotional symptoms, excessive anger"
peritonitis,"shortness of breath, groin mass, sharp abdominal pain, vomiting, nausea, intermenstrual bleeding, back pain, side pain"
acute pancreatitis,"sharp chest pain, abusing alcohol, sharp abdominal pain, vomiting, nausea, diarrhea, back pain, burning abdominal pain, side pain, lower body pain, upper abdominal pain, hemoptysis"
thrombophlebitis,"skin swelling, leg pain, arm pain, arm swelling, foot or toe pain, leg swelling, ache all over, lymphedema, skin on leg or foot looks infected"
asthma,"shortness of breath, sharp chest pain, chest tightness, cough, nasal congestion, wheezing, fever, difficulty breathing, coughing up sputum, coryza, allergic reaction"
restless leg syndrome,"depression, insomnia, abnormal involuntary movements, leg pain, headache, fatigue, sleepiness, apnea"
emphysema,"shortness of breath, sharp chest pain, cough, emotional symptoms"
cysticercosis,"shortness of breath, elbow weakness, headache, seizures"
infectious gastroenteritis,"blood in stool, sharp abdominal pain, vomiting, headache, nausea, diarrhea, burning abdominal pain, decreased appetite, fever, chills, fluid retention, flu-like syndrome"
acute sinusitis,"sore throat, cough, nasal congestion, facial pain, ear pain, frontal headache, fever, coughing up sputum, coryza, sinus congestion, painful sinuses"
coronary atherosclerosis,"shortness of breath, sharp chest pain, chest tightness, palpitations, irregular heartbeat, leg cramps or spasms, fatigue, burning chest pain"
spondylitis,"leg pain, hip pain, back pain, neck pain, low back pain, side pain, lower body pain, stiffness all over, back mass or lump"
pituitary adenoma,"headache, nausea, pain in eye, muscle swelling"
uterine fibroids,"sharp abdominal pain, involuntary urination, lower abdominal pain, intermenstrual bleeding, pelvic pain, cramps and spasms, heavy menstrual flow, unpredictable menstruation, painful menstruation"
idiopathic nonmenstrual bleeding,"sharp abdominal pain, painful urination, vaginal discharge, intermenstrual bleeding, long menstrual periods, unpredictable menstruation"
chalazion,"skin growth, diminished vision, symptoms of eye, pain in eye, foreign body sensation in eye, eye redness, lacrimation, mass on eyelid, swollen eye, eyelid swelling"
ovarian torsion,"skin swelling, groin mass, sharp abdominal pain, lower abdominal pain, pelvic pain, ache all over"
retinopathy due to high blood pressure,"pus draining from ear, diminished vision, symptoms of eye, pain in eye, foreign body sensation in eye, spots or clouds in vision"
vaginal yeast infection,"suprapubic pain, sharp abdominal pain, vaginal itching, painful urination, lower abdominal pain, vaginal discharge, vaginal pain, vaginal redness, vulvar irritation, itching of skin"
mastoiditis,"dizziness, cough, nasal congestion, diminished hearing, facial pain, ear pain"
hypertrophic obstructive cardiomyopathy (hocm),"anxiety and nervousness, sharp chest pain, emotional symptoms"
ingrown toe nail,"abnormal appearing skin, skin growth, neck swelling, foot or toe pain, foot or toe swelling, skin on leg or foot looks infected, swollen eye, irregular appearing nails, skin dryness, peeling, scaliness, or roughness, skin on arm or hand looks infected"
pulmonary eosinophilia,"shortness of breath, sharp chest pain, dizziness, cough, nasal congestion, paresthesia, fever"
corneal disorder,"white discharge from eye, diminished vision, double vision, symptoms of eye, pain in eye, foreign body sensation in eye, spots or clouds in vision, eye redness, lacrimation, itchiness of eye"
endophthalmitis,"painful urination, diminished vision, pain in eye, eye redness, itchiness of eye, swollen eye"
intestinal malabsorption,"cough, nasal congestion, flatulence, sharp abdominal pain, vomiting, diarrhea, allergic reaction"
viral warts,"skin swelling, lip swelling, abnormal appearing skin, skin lesion, acne or pimples, skin growth, skin moles, warts, bumps on penis"
hyperhidrosis,"cough, acne or pimples, fever, sweating, warts"
stroke,"depressive or psychotic symptoms, dizziness, abnormal involuntary movements, difficulty speaking, headache, problems with movement, focal weakness, slurring words, disturbance of memory, seizures"
pilonidal cyst,"skin swelling, skin growth, irregular appearing scalp, pain of the anus, pelvic pain, bones are painful, ache all over, lower body pain"
normal pressure hydrocephalus,"depressive or psychotic symptoms, palpitations, headache, problems with movement"
alopecia,"skin swelling, feeling ill, acne or pimples, skin growth, irregular appearing scalp, itching of skin, too little hair, skin rash"
hashimoto thyroiditis,"abnormal involuntary movements, weight gain"
flat feet,"skin swelling, knee pain, foot or toe pain, ankle pain, problems with movement"
nonalcoholic liver disease (nash),"dizziness, sharp abdominal pain, nausea, mouth ulcer, weight gain"
hemarthrosis,"elbow weakness, frequent urination, knee pain, knee swelling"
pelvic organ prolapse,"retention of urine, suprapubic pain, involuntary urination, frequent urination, vaginal discharge, blood in urine, intermenstrual bleeding, vaginal pain, symptoms of bladder"
coagulation (bleeding) disorder,"leg pain, blood in urine, knee swelling, eye redness, melena"
intracranial hemorrhage,"depressive or psychotic symptoms, dizziness, abnormal involuntary movements, difficulty speaking, vomiting, headache, diminished vision, seizures"
hyperkalemia,"shortness of breath, depressive or psychotic symptoms, sharp chest pain, dizziness, difficulty in swallowing, feeling ill, vomiting, nausea, weakness, decreased heart rate"
cornea infection,"lip swelling, diminished vision, symptoms of eye, pain in eye, foreign body sensation in eye, spots or clouds in vision, eye redness, lacrimation, itchiness of eye, eye burns or stings, swollen eye"
abscess of the lung,"shortness of breath, depressive or psychotic symptoms, cough, itchy eyelid"
dengue fever,"sore throat, wrist pain"
chronic sinusitis,"sore throat, cough, headache, facial pain, ear pain, frontal headache, fever, congestion in chest, sinus congestion, painful sinuses"
cholesteatoma,"nasal congestion, diminished hearing, pus draining from ear, muscle swelling"
volvulus,"depressive or psychotic symptoms, elbow weakness, sharp abdominal pain, vomiting"
atrial fibrillation,"shortness of breath, sharp chest pain, dizziness, palpitations, irregular heartbeat, decreased heart rate, increased heart rate, fatigue"
pinworm infection,"retention of urine, sharp abdominal pain, painful urination, pain of the anus, constipation, itching of the anus"
urethral valves,"suprapubic pain, elbow weakness, sharp abdominal pain, lower abdominal pain, side pain"
achalasia,"sharp chest pain, chest tightness, cough, throat feels tight, difficulty in swallowing"
conductive hearing loss,"dizziness, hoarse voice, difficulty speaking, diminished hearing, ear pain, ringing in ear, plugged feeling in ear, fluid in ear, redness in ear, low self-esteem"
abdominal hernia,"groin mass, symptoms of the scrotum and testes, sharp abdominal pain, lower abdominal pain, regurgitation, ache all over, upper abdominal pain, swollen abdomen, regurgitation.1, irregular belly button"
cerebral palsy,"lack of growth, problems with movement, infant feeding problem, blindness, cramps and spasms, seizures"
cryptococcosis,"depressive or psychotic symptoms, cross-eyed"
obesity,"weight gain, excessive appetite, sleepiness"
indigestion,"sharp chest pain, sharp abdominal pain, vomiting, nausea, diarrhea, burning abdominal pain, heartburn, decreased appetite, stomach bloating"
bursitis,"leg pain, hip pain, arm pain, arm stiffness or tightness, arm swelling, knee pain, elbow pain, knee swelling, leg swelling, shoulder pain, shoulder stiffness or tightness, elbow swelling"
esophageal cancer,"shortness of breath, hoarse voice, sharp abdominal pain, decreased appetite, stomach bloating"
pulmonary congestion,"shortness of breath, sharp chest pain, chest tightness, cough, nasal congestion, leg swelling, weakness, decreased heart rate, fever"
juvenile rheumatoid arthritis,"hand or finger pain, wrist swelling, back pain, knee pain, joint pain"
actinic keratosis,"skin swelling, abnormal appearing skin, skin lesion, skin growth, irregular appearing scalp, skin moles, symptoms of the face, itching of skin, skin dryness, peeling, scaliness, or roughness, skin irritation, skin rash"
acute otitis media,"sore throat, cough, nasal congestion, diminished hearing, ear pain, plugged feeling in ear, fluid in ear, fever, coryza, redness in ear"
astigmatism,"eye deviation, diminished vision, double vision, symptoms of eye, pain in eye, foreign body sensation in eye, spots or clouds in vision, lacrimation"
tuberous sclerosis,"depressive or psychotic symptoms, elbow weakness, seizures"
empyema,"shortness of breath, sharp chest pain, cough, leg pain"
presbyacusis,"dizziness, diminished hearing, emotional symptoms, ear pain, ringing in ear"
neonatal jaundice,"lack of growth, jaundice, irritable infant, infant feeding problem, changes in stool appearance"
chronic obstructive pulmonary disease (copd),"shortness of breath, sharp chest pain, chest tightness, sore throat, cough, nasal congestion, wheezing, fever, coughing up sputum, coryza, congestion in chest"
spondylosis,"leg pain, hip pain, arm pain, back pain, neck pain, low back pain, knee pain, loss of sensation, paresthesia, shoulder pain, ache all over, lower body pain"
herpangina,"insomnia, sore throat, cough, vomiting, mouth ulcer, swollen lymph nodes, decreased appetite, fever, skin rash"
deep vein thrombosis (dvt),"leg pain, arm swelling, abnormal appearing skin, leg swelling, foot or toe swelling, leg cramps or spasms, leg stiffness or tightness"
protein deficiency,"depression, vomiting, nausea, smoking problems, weakness"
myoclonus,"insomnia, abnormal involuntary movements, seizures, muscle swelling"
bone spur of the calcaneous,"leg pain, foot or toe pain, ankle pain, elbow pain, foot or toe swelling"
von willebrand disease,"blood in stool, muscle swelling, nosebleed"
heart block,"shortness of breath, sharp chest pain, dizziness, chest tightness, palpitations, irregular heartbeat, fainting, peripheral edema, weight gain, weakness"
colonic polyp,"blood in stool, flatulence, sharp abdominal pain, diarrhea, pain of the anus, heartburn, upper abdominal pain, rectal bleeding"
magnesium deficiency,"shortness of breath, sharp chest pain, dizziness, leg pain"
female infertility of unknown cause,"pain during intercourse, scanty menstrual flow, long menstrual periods, unpredictable menstruation, infertility"
pericarditis,"shortness of breath, sharp chest pain, chest tightness, palpitations, sharp abdominal pain, lower body pain"
pulmonic valve disease,"shortness of breath, emotional symptoms"
tietze syndrome,"shortness of breath, sharp chest pain, chest tightness, cough, nausea, loss of sensation, difficulty breathing, rib pain"
cranial nerve palsy,"abnormal involuntary movements, difficulty speaking, headache, facial pain, diminished vision, double vision, abnormal movement of eyelid, symptoms of the face"
complex regional pain syndrome,"abnormal involuntary movements, leg pain, hand or finger pain, arm pain, back pain, neck pain, low back pain, foot or toe pain, problems with movement, loss of sensation, paresthesia, ache all over"
otosclerosis,"dizziness, diminished hearing, emotional symptoms"
hypothyroidism,"hot flashes, wrist swelling, weight gain, muscle pain, fatigue, too little hair"
lice,"cough, nasal congestion, itching of skin, itchy scalp, leg lump or mass"
vitamin b12 deficiency,"hot flashes, problems with movement, knee stiffness or tightness, disturbance of memory, fatigue"
diabetes,"weight gain, thirst"
vulvodynia,"sharp abdominal pain, nausea, painful urination, lower abdominal pain, vaginal discharge, back pain, pain during pregnancy, pelvic pain, burning abdominal pain, vaginal pain, side pain, cramps and spasms"
endometriosis,"sharp abdominal pain, lower abdominal pain, hot flashes, intermenstrual bleeding, pelvic pain, burning abdominal pain, heavy menstrual flow, painful menstruation, infertility"
vasculitis,"dizziness, leg pain, headache, skin lesion, foot or toe swelling, leg stiffness or tightness, lymphedema, skin rash"
oral leukoplakia,"skin swelling, elbow weakness, tongue lesions"
chronic kidney disease,"shortness of breath, peripheral edema, feeling cold, fatigue, symptoms of the kidneys"
bladder disorder,"retention of urine, suprapubic pain, sharp abdominal pain, painful urination, involuntary urination, frequent urination, lower abdominal pain, blood in urine, symptoms of bladder"
chorioretinitis,"diminished vision, double vision, pain in eye, spots or clouds in vision, muscle swelling"
priapism,"elbow weakness, abusing alcohol, painful urination, penis pain"
myositis,"leg pain, hip pain, headache, knee pain, problems with movement, loss of sensation"
mononucleosis,"sore throat, cough, nasal congestion, feeling ill, headache, swollen lymph nodes, fever, skin rash"
neuralgia,"leg pain, hip pain, headache, arm pain, back pain, neck pain, low back pain, loss of sensation, shoulder pain, ache all over"
polycystic kidney disease,"retention of urine, sharp abdominal pain, blood in urine, skin growth, back pain, low back pain, side pain, kidney mass"
amyloidosis,"anxiety and nervousness, shortness of breath, wrist weakness"
chronic inflammatory demyelinating polyneuropathy (cidp),"dizziness, problems with movement, weakness, loss of sensation"
gastroesophageal reflux disease (gerd),"sharp chest pain, chest tightness, hoarse voice, cough, difficulty in swallowing, sharp abdominal pain, nausea, regurgitation, burning abdominal pain, regurgitation.1"
vitreous hemorrhage,"diminished vision, symptoms of eye, pain in eye, spots or clouds in vision, lacrimation, blindness"
scleroderma,"feeling ill, lip swelling, abnormal appearing skin, skin lesion, skin growth, itching of skin, skin dryness, peeling, scaliness, or roughness, skin irritation"
myasthenia gravis,"shortness of breath, dizziness, double vision, weakness, slurring words, fatigue, coughing up sputum"
hypoglycemia,"depressive or psychotic symptoms, dizziness, abnormal involuntary movements, fainting, feeling ill, nausea, problems with movement, weakness, decreased appetite, seizures, sleepiness, sweating"
idiopathic absence of menstruation,"sharp abdominal pain, nausea, vaginal itching, lower abdominal pain, pelvic pain, heartburn, pain or soreness of breast, absence of menstruation, long menstrual periods"
plantar fasciitis,"knee pain, foot or toe pain, ankle pain, bones are painful, problems with movement, muscle pain, ankle swelling"
hyperopia,"difficulty speaking, eye deviation, diminished vision, symptoms of eye, spots or clouds in vision, eye redness"
pemphigus,"hand or finger pain, abnormal appearing skin, skin lesion"
peyronie disease,"emotional symptoms, mass in scrotum, impotence, symptoms of prostate, penis pain"
hiatal hernia,"sharp chest pain, dizziness, difficulty in swallowing, sharp abdominal pain, nausea, back pain, vomiting blood, regurgitation, burning abdominal pain, heartburn, upper abdominal pain, regurgitation.1"
meniere disease,"dizziness, diminished hearing, headache, nausea, facial pain, ear pain, ringing in ear, allergic reaction"
anal fissure,"blood in stool, sharp abdominal pain, vaginal dryness, pain of the anus, lower body pain, changes in stool appearance, rectal bleeding, constipation"
allergy,"cough, skin swelling, lip swelling, abnormal appearing skin, peripheral edema, itchiness of eye, allergic reaction, fluid retention, swollen eye, itching of skin, skin rash"
chronic otitis media,"cough, nasal congestion, ear pain, plugged feeling in ear, fluid in ear, fever, allergic reaction, pulling at ears, redness in ear, painful sinuses"
hirschsprung disease,"emotional symptoms, sharp abdominal pain, constipation"
polymyalgia rheumatica,"sharp chest pain, irregular heartbeat, difficulty in swallowing, leg pain, shoulder pain, fatigue"
lymphedema,"throat swelling, leg pain, abnormal appearing skin, skin lesion, peripheral edema, leg swelling, foot or toe swelling, lymphedema, fluid retention"
bladder cancer,"retention of urine, groin mass, mass in scrotum, blood in urine, excessive urination at night, symptoms of bladder, bladder mass"
acute bronchospasm,"shortness of breath, sharp chest pain, chest tightness, sore throat, cough, nasal congestion, vomiting, wheezing, fever, difficulty breathing, coryza"
acute glaucoma,"diminished vision, double vision, symptoms of eye, pain in eye, foreign body sensation in eye, spots or clouds in vision, eye redness, blindness"
sciatica,"leg pain, hip pain, low back pain, problems with movement, loss of sensation, leg cramps or spasms, lower body pain, unusual color or odor to urine, back cramps or spasms, leg weakness"
hypercalcemia,"dizziness, retention of urine, weakness, loss of sensation"
stress incontinence,"retention of urine, painful urination, involuntary urination, frequent urination, blood in urine, hot flashes, intermenstrual bleeding"
varicose veins,"leg pain, skin lesion, peripheral edema, leg swelling, leg cramps or spasms, ache all over, lymphedema, leg lump or mass"
benign kidney cyst,"sharp abdominal pain, vomiting, involuntary urination, blood in urine, low back pain, impotence, side pain"
hydrocele of the testicle,"retention of urine, groin mass, symptoms of the scrotum and testes, swelling of scrotum, pain in testicles, mass in scrotum, lower abdominal pain, groin pain"
degenerative disc disease,"leg pain, hip pain, arm pain, back pain, neck pain, low back pain, loss of sensation, paresthesia, shoulder pain, lower body pain, joint pain"
hirsutism,"abnormal appearing skin, acne or pimples, apnea, unwanted hair"
hydronephrosis,"suprapubic pain, pain in testicles, sharp abdominal pain, vomiting, nausea, lower abdominal pain, back pain, side pain"
diverticulosis,"blood in stool, sharp abdominal pain, vomiting, nausea, diarrhea, lower abdominal pain, heartburn, upper abdominal pain, melena, rectal bleeding"
huntington disease,"anxiety and nervousness, elbow weakness"
lymphoma,"hoarse voice, groin mass, regurgitation, neck mass, itchy ear(s), fatigue, regurgitation.1"
dermatitis due to sun exposure,"skin swelling, lack of growth, abnormal appearing skin, skin lesion, acne or pimples, irregular appearing scalp, skin moles, skin dryness, peeling, scaliness, or roughness, skin rash"
anemia due to chronic kidney disease,"shortness of breath, peripheral edema, recent weight loss, weakness, fatigue, ankle swelling"
scleritis,"abnormal involuntary movements, headache, pain in eye, spots or clouds in vision, eye redness"
pterygium,"acne or pimples, diminished vision, symptoms of eye, foreign body sensation in eye, spots or clouds in vision, eye redness, lacrimation"
fungal infection of the skin,"skin swelling, abnormal appearing skin, skin lesion, acne or pimples, irregular appearing scalp, itching of skin, skin dryness, peeling, scaliness, or roughness, itchy scalp, too little hair, skin rash"
syndrome of inappropriate secretion of adh (siadh),"dizziness, feeling ill, cross-eyed"
premenstrual tension syndrome,"depressive or psychotic symptoms, headache, lower abdominal pain, back pain, unpredictable menstruation, premenstrual tension or irritability"
orbital cellulitis,"diminished hearing, symptoms of eye, pain in eye, peripheral edema, eye redness, fever, swollen eye"
hepatic encephalopathy,"shortness of breath, depressive or psychotic symptoms, abusing alcohol, fainting, sharp abdominal pain, fluid retention"
bone cancer,"leg pain, low back pain, peripheral edema, problems with movement, fatigue"
syringomyelia,"fainting, headache, back pain, shoulder pain"
pulmonary fibrosis,"shortness of breath, sharp chest pain, chest tightness, cough, fainting, fever, difficulty breathing"
mitral valve disease,"shortness of breath, sharp chest pain, dizziness, chest tightness, irregular heartbeat, increased heart rate, fatigue, sweating, nightmares"
parkinson disease,"dizziness, abnormal involuntary movements, difficulty speaking, problems with movement, weakness, focal weakness, disturbance of memory, leg stiffness or tightness, stiffness all over"
gout,"hand or finger pain, wrist pain, hand or finger swelling, wrist swelling, knee pain, foot or toe pain, ankle pain, knee swelling, leg swelling, foot or toe swelling, joint pain, ankle swelling"
otitis media,"sore throat, cough, nasal congestion, diminished hearing, vomiting, ear pain, plugged feeling in ear, fluid in ear, fever, coryza, pulling at ears"
myelodysplastic syndrome,"difficulty speaking, chills, fatigue"
acute kidney injury,"shortness of breath, sharp chest pain, dizziness, retention of urine, sharp abdominal pain, vomiting, nausea, peripheral edema, weakness, kidney mass, symptoms of the kidneys"
threatened pregnancy,"sharp abdominal pain, lower abdominal pain, vaginal discharge, intermenstrual bleeding, back pain, pelvic pain, problems during pregnancy, spotting or bleeding during pregnancy, cramps and spasms, blood clots during menstrual periods, uterine contractions"
intracranial abscess,"depressive or psychotic symptoms, headache, seizures"
gum disease,"lip swelling, toothache, facial pain, mouth ulcer, peripheral edema, ear pain, jaw swelling, fever, gum pain, bleeding gums, pain in gums"
gastrointestinal hemorrhage,"dizziness, blood in stool, fainting, sharp abdominal pain, vomiting, nausea, diarrhea, vomiting blood, weakness, changes in stool appearance, melena, rectal bleeding"
seborrheic dermatitis,"abnormal appearing skin, skin lesion, acne or pimples, skin growth, irregular appearing scalp, symptoms of the face, itching of skin, skin dryness, peeling, scaliness, or roughness, too little hair, skin rash, dry or flaky scalp"
torticollis,"abnormal involuntary movements, throat swelling, headache, arm pain, neck pain, neck stiffness or tightness, shoulder pain, neck cramps or spasms"
tension headache,"anxiety and nervousness, dizziness, headache, nausea, neck pain, neck stiffness or tightness, chills, back cramps or spasms"
scurvy,"sharp abdominal pain, knee lump or mass"
narcolepsy,"shortness of breath, insomnia, headache, disturbance of memory, fatigue, sleepiness, apnea"
food allergy,"cough, nasal congestion, vomiting, hand or finger swelling, lip swelling, abnormal appearing skin, allergic reaction, itching of skin, skin rash"
labyrinthitis,"dizziness, diminished hearing, vomiting, headache, nausea, ear pain, plugged feeling in ear, spots or clouds in vision, loss of sensation, sweating"
stenosis of the tear duct,"cough, white discharge from eye, symptoms of eye, abnormal movement of eyelid, lacrimation"
abscess of nose,"sore throat, cough, nasal congestion, irritable infant, vomiting, fever, coryza, sinus congestion"
omphalitis,"emotional symptoms, flatulence, irregular belly button"
leukemia,"fever, muscle stiffness or tightness, fatigue, mouth pain"
bell palsy,"abnormal involuntary movements, headache, facial pain, diminished vision, symptoms of eye, peripheral edema, weakness, loss of sensation, focal weakness, symptoms of the face"
conjunctivitis due to allergy,"cough, nasal congestion, diminished vision, symptoms of eye, pain in eye, eye redness, lacrimation, itchiness of eye, eye burns or stings, allergic reaction, swollen eye, sneezing"
adrenal cancer,"dizziness, diminished hearing"
myopia,"eye deviation, diminished vision, symptoms of eye, pain in eye, eye moves abnormally, foreign body sensation in eye, spots or clouds in vision, eye redness, blindness"
osteoarthritis,"leg pain, hip pain, hand or finger pain, back pain, knee pain, ankle pain, knee weakness, elbow pain, knee swelling, muscle pain, joint pain"
thyroid disease,"lump in throat, throat feels tight, difficulty in swallowing, neck mass"
pharyngitis,"hoarse voice, sore throat, cough, wheezing, fever"
chronic rheumatic fever,"shortness of breath, sharp chest pain, dizziness, chest tightness, palpitations, throat feels tight, increased heart rate"
hypocalcemia,"shortness of breath, sharp chest pain, abnormal involuntary movements, constipation, leg weakness"
macular degeneration,"diminished vision, double vision, symptoms of eye, pain in eye, abnormal movement of eyelid, foreign body sensation in eye, spots or clouds in vision, lacrimation, itchiness of eye, blindness, bleeding from eye"
pneumonia,"shortness of breath, sharp chest pain, sore throat, cough, nasal congestion, vomiting, wheezing, weakness, fever, difficulty breathing, chills, coryza"
cold sore,"sore throat, skin swelling, vaginal itching, lip swelling, mouth ulcer, skin rash, lip sore"
premature ventricular contractions (pvcs),"shortness of breath, sharp chest pain, chest tightness, palpitations, irregular heartbeat, fainting, impotence, sleepiness"
testicular cancer,"anxiety and nervousness, diminished hearing, mass in scrotum"
hydrocephalus,"depressive or psychotic symptoms, abnormal involuntary movements, lack of growth, vomiting, headache, problems with movement, seizures"
breast cancer,"hot flashes, bleeding or discharge from nipple, pain or soreness of breast, lump or mass of breast"
anemia due to malignancy,"shortness of breath, difficulty in swallowing, flatulence, fatigue"
esophageal varices,"dizziness, nausea"
endometrial cancer,"vaginal itching, hot flashes, intermenstrual bleeding, absence of menstruation, vaginal bleeding after menopause"
cystic fibrosis,"cough, feeling ill, intermenstrual bleeding, decreased appetite"
intertrigo (skin condition),"skin swelling, abnormal appearing skin, skin lesion, acne or pimples, skin dryness, peeling, scaliness, or roughness, skin rash"
parathyroid adenoma,"anxiety and nervousness, throat feels tight, disturbance of memory, shoulder pain"
glucocorticoid deficiency,"shortness of breath, lack of growth, diarrhea"
temporomandibular joint disorder,"sore throat, nasal congestion, diminished hearing, headache, facial pain, pain in eye, neck pain, ear pain"
wilson disease,"insomnia, cough, sleepiness"
vesicoureteral reflux,"suprapubic pain, involuntary urination, blood in urine, fever"
vitamin a deficiency,"hand or finger pain, knee lump or mass"
gonorrhea,"sharp abdominal pain, vaginal itching, vaginal discharge, problems with movement, vaginal pain, penile discharge"
ependymoma,"emotional symptoms, headache, diminished vision, pain in eye"
hepatitis due to a toxin,"depression, jaundice, sharp abdominal pain, feeling ill, vomiting, nausea, rectal bleeding, itching of skin"
vaginal cyst,"sharp abdominal pain, lower abdominal pain, vaginal discharge, intermenstrual bleeding, pain during pregnancy, pelvic pain, vaginal pain, problems during pregnancy, spotting or bleeding during pregnancy, cramps and spasms, blood clots during menstrual periods, heavy menstrual flow"
ectopic pregnancy,"dizziness, sharp abdominal pain, nausea, lower abdominal pain, vaginal discharge, intermenstrual bleeding, pain during pregnancy, pelvic pain"
chronic knee pain,"leg pain, hip pain, back pain, knee pain, knee weakness, knee swelling, knee stiffness or tightness, leg swelling, joint pain"
pinguecula,"headache, symptoms of eye, lacrimation, itching of scrotum"
hypergammaglobulinemia,"blood in stool, fatigue"
carpal tunnel syndrome,"hand or finger pain, wrist pain, hand or finger swelling, arm pain, wrist swelling, hand or finger stiffness or tightness, neck pain, elbow pain, loss of sensation, paresthesia, arm weakness"
pituitary disorder,"lack of growth, headache, hot flashes, pain in eye"
kidney stone,"retention of urine, suprapubic pain, sharp abdominal pain, vomiting, painful urination, frequent urination, lower abdominal pain, blood in urine, back pain, low back pain, side pain"
cat scratch disease,"skin swelling, groin mass, itchy eyelid"
chronic glaucoma,"white discharge from eye, diminished vision, symptoms of eye, pain in eye, foreign body sensation in eye, spots or clouds in vision, lacrimation, itchiness of eye, eye burns or stings, mass on eyelid"
retinal detachment,"diminished vision, double vision, symptoms of eye, pain in eye, spots or clouds in vision, lacrimation, itchiness of eye, blindness"
aplastic anemia,"lack of growth, nausea, weakness, slurring words, fever, fatigue"
overflow incontinence,"retention of urine, suprapubic pain, involuntary urination, blood in urine, hand or finger stiffness or tightness, impotence, symptoms of bladder"
hemolytic anemia,"cough, nausea, skin growth, fatigue"
lateral epicondylitis (tennis elbow),"hand or finger pain, wrist pain, arm pain, hand or finger stiffness or tightness, elbow pain, loss of sensation, shoulder pain, joint pain"
syphilis,"headache, vaginal discharge, muscle pain, skin rash"
diabetic kidney disease,"blood in stool, impotence"
nose disorder,"sore throat, cough, nasal congestion, headache, facial pain, ear pain, fever, difficulty breathing, coryza, sinus congestion, painful sinuses, nosebleed"
dental caries,"skin swelling, toothache, facial pain, restlessness, peripheral edema, ear pain, jaw swelling, neck swelling, gum pain, skin irritation, mouth pain, pain in gums"
hypercholesterolemia,"sharp chest pain, palpitations, hand or finger stiffness or tightness, weight gain, excessive urination at night"
kidney failure,"shortness of breath, sharp chest pain, vomiting, nausea, arm swelling, leg swelling, swollen abdomen, symptoms of the kidneys"
muscle spasm,"sharp chest pain, abnormal involuntary movements, leg pain, headache, arm pain, back pain, neck pain, low back pain, loss of sensation, muscle cramps, contractures, or spasms"
hemophilia,"cough, leg pain, frontal headache, bleeding gums"
hyperosmotic hyperketotic state,"cough, frequent urination, weakness"
peritonsillar abscess,"sore throat, throat swelling, throat feels tight, difficulty in swallowing, headache, swollen lymph nodes, ear pain"
gastroparesis,"sharp chest pain, sharp abdominal pain, vomiting, nausea, regurgitation, burning abdominal pain, upper abdominal pain, regurgitation.1"
itching of unknown cause,"vaginal itching, abnormal appearing skin, problems during pregnancy, allergic reaction, fluid retention, itching of skin, skin dryness, peeling, scaliness, or roughness, itchy scalp, skin rash"
polycythemia vera,"dizziness, headache, symptoms of eye, weight gain, fatigue"
thrombocytopenia,"sharp chest pain, blood in stool, blood in urine, irregular appearing scalp, fatigue, nosebleed, bleeding gums"
head and neck cancer,"hoarse voice, sore throat, throat feels tight, difficulty in swallowing, neck mass, plugged feeling in ear, hemoptysis, mouth pain"
pseudohypoparathyroidism,"leg pain, elbow weakness, wrist pain, knee pain"
goiter,"lump in throat, difficulty in swallowing, hot flashes, weight gain, fatigue"
urge incontinence,"retention of urine, vaginal itching, painful urination, involuntary urination, frequent urination, blood in urine, excessive urination at night, constipation, symptoms of bladder"
edward syndrome,"suprapubic pain, cross-eyed"
muscular dystrophy,"cough, nasal congestion, hip pain, feeling cold, fatigue"
mittelschmerz,"sharp abdominal pain, vomiting, diarrhea, lower abdominal pain, pelvic pain, painful menstruation"
corneal abrasion,"white discharge from eye, diminished vision, symptoms of eye, pain in eye, foreign body sensation in eye, eye redness, lacrimation, itchiness of eye, eyelid swelling"
anemia of chronic disease,"dizziness, emotional symptoms, feeling ill, weakness"
scarlet fever,"sore throat, cough, throat swelling, skin swelling, fever, skin rash"
hypertensive heart disease,"shortness of breath, sharp chest pain, insomnia, chest tightness, palpitations, leg swelling, heartburn, weakness, difficulty breathing, fatigue, recent pregnancy"
polycystic ovarian syndrome (pcos),"hot flashes, intermenstrual bleeding, pelvic pain, weight gain, absence of menstruation, long menstrual periods, unpredictable menstruation, infertility"
encephalitis,"dizziness, insomnia, headache, loss of sensation, disturbance of memory"
cyst of the eyelid,"skin growth, diminished vision, abnormal movement of eyelid, muscle swelling, mass on eyelid"
balanitis,"cough, suprapubic pain, painful urination, abnormal appearing skin, itching of skin, skin rash, penis pain, penis redness, diaper rash"
optic neuritis,"retention of urine, headache, diminished vision, blindness"
premature atrial contractions (pacs),"shortness of breath, dizziness, palpitations, irregular heartbeat, fainting, fatigue, muscle swelling"
hemiplegia,"abnormal involuntary movements, difficulty speaking, headache, arm stiffness or tightness, problems with movement, weakness, loss of sensation, slurring words, seizures"
hammer toe,"skin lesion, skin growth, foot or toe pain, loss of sensation"
joint effusion,"wrist pain, wrist swelling, knee pain, ankle pain, elbow pain, knee swelling, problems with movement, knee stiffness or tightness, ankle swelling"
meningioma,"depressive or psychotic symptoms, dizziness, headache, weakness, disturbance of memory"
brain cancer,"difficulty speaking, headache, weakness, decreased appetite, focal weakness, slurring words, disturbance of memory, seizures"
placental abruption,"emotional symptoms, nausea, spotting or bleeding during pregnancy, uterine contractions"
seasonal allergies (hay fever),"sore throat, cough, nasal congestion, headache, ear pain, frontal headache, lacrimation, itchiness of eye, coryza, allergic reaction, sneezing"
lung cancer,"shortness of breath, cough, smoking problems, decreased appetite, fatigue, hemoptysis, leg weakness"
primary kidney disease,"lack of growth, blood in urine, impotence, peripheral edema, symptoms of the kidneys"
uterine cancer,"groin mass, pelvic pain, vaginal bleeding after menopause"
dry eye of unknown cause,"white discharge from eye, diminished vision, double vision, symptoms of eye, pain in eye, abnormal movement of eyelid, foreign body sensation in eye, spots or clouds in vision, eye redness, lacrimation, itchiness of eye"
fibrocystic breast disease,"intermenstrual bleeding, bleeding or discharge from nipple, pain or soreness of breast, lump or mass of breast"
fungal infection of the hair,"skin swelling, abnormal appearing skin, skin lesion, acne or pimples, skin growth, irregular appearing scalp, pelvic pain, itching of skin, skin dryness, peeling, scaliness, or roughness, skin irritation, itchy scalp, skin rash"
tooth abscess,"skin swelling, lip swelling, toothache, facial pain, peripheral edema, jaw swelling, neck swelling, gum pain, mouth pain, pain in gums"
vacterl syndrome,"suprapubic pain, emotional symptoms"
vertebrobasilar insufficiency,"sharp chest pain, dizziness, leg pain, back pain"
rectal disorder,"blood in stool, sharp abdominal pain, diarrhea, pain of the anus, burning abdominal pain, heartburn, cramps and spasms, melena, rectal bleeding, constipation, itching of the anus"
atonic bladder,"retention of urine, suprapubic pain, emotional symptoms, impotence, symptoms of bladder"
benign paroxysmal positional vertical (bppv),"dizziness, irregular heartbeat, fainting, vomiting, headache, nausea, problems with movement, weakness, frontal headache"
blepharospasm,"headache, diminished vision, abnormal movement of eyelid, low back weakness"
sarcoidosis,"shortness of breath, sharp chest pain, chest tightness, cough, headache, facial pain, pain in eye, peripheral edema"
metastatic cancer,"vaginal dryness, neck mass, decreased appetite, focal weakness, fatigue"
trigger finger (finger disorder),"hand or finger pain, wrist pain, hand or finger swelling, hand or finger stiffness or tightness, bones are painful, hand or finger cramps or spasms"
stye,"skin swelling, abnormal appearing skin, symptoms of eye, pain in eye, eye redness, itchiness of eye, eye burns or stings, mass on eyelid, swollen eye, eyelid swelling, eyelid lesion or rash"
hemochromatosis,"difficulty speaking, abnormal appearing skin, ache all over"
osteochondroma,"lower abdominal pain, lip swelling, abnormal appearing skin, skin lesion, skin growth, knee pain, foot or toe pain"
cushing syndrome,"emotional symptoms, weight gain"
typhoid fever,"wrist pain, fever"
vitreous degeneration,"diminished vision, double vision, symptoms of eye, pain in eye, foreign body sensation in eye, spots or clouds in vision, eye redness, lacrimation"
atrophic skin condition,"skin swelling, lip swelling, abnormal appearing skin, skin lesion, acne or pimples, skin growth, skin moles, skin irritation, wrinkles on skin"
aspergillosis,"shortness of breath, knee lump or mass"
uterine atony,"sharp abdominal pain, lower abdominal pain, blood in urine, intermenstrual bleeding, pain during pregnancy, problems during pregnancy, spotting or bleeding during pregnancy, uterine contractions, back cramps or spasms"
trichinosis,"nasal congestion, knee lump or mass"
whooping cough,"shortness of breath, sore throat, cough, nasal congestion, vomiting"
subacute thyroiditis,"palpitations, blood in stool, pain during pregnancy, problems during pregnancy, uterine contractions"
oral mucosal lesion,"sore throat, cough, lip swelling, toothache, facial pain, mouth ulcer, fever, tongue lesions, gum pain, mouth pain"
intracerebral hemorrhage,"depressive or psychotic symptoms, dizziness, vomiting, headache, nausea, diminished vision, weakness, blindness, focal weakness, seizures"
alzheimer disease,"depression, depressive or psychotic symptoms, difficulty speaking, hostile behavior, irregular appearing scalp, eye burns or stings, disturbance of memory, delusions or hallucinations"
systemic lupus erythematosis (sle),"sharp chest pain, hand or finger stiffness or tightness, knee pain, bones are painful, leg swelling, ache all over"
premature ovarian failure,"lack of growth, pelvic pain, weight gain, absence of menstruation, infertility"
thoracic outlet syndrome,"sharp chest pain, hand or finger pain, arm pain, decreased appetite, loss of sensation, shoulder pain"
ganglion cyst,"leg pain, hand or finger pain, wrist swelling, skin growth, knee pain, foot or toe pain, knee swelling, knee lump or mass, hand or finger lump or mass, wrist lump or mass"
crohn disease,"blood in stool, sharp abdominal pain, vomiting, nausea, diarrhea, pain of the anus, regurgitation, burning abdominal pain, regurgitation.1, rectal bleeding"
postoperative infection,"skin swelling, sharp abdominal pain, abnormal appearing skin, jaw swelling, fever, skin on leg or foot looks infected"
folate deficiency,"shortness of breath, sharp chest pain, sharp abdominal pain, vomiting blood, difficulty breathing"
fluid overload,"shortness of breath, sharp chest pain, sharp abdominal pain, vomiting, nausea, hand or finger swelling, peripheral edema, fluid retention"
atrial flutter,"shortness of breath, sharp chest pain, chest tightness, palpitations, irregular heartbeat, frequent urination, swollen lymph nodes, increased heart rate"
skin disorder,"skin swelling, abnormal appearing skin, skin lesion, acne or pimples, skin growth, irregular appearing scalp, skin moles, itching of skin, skin dryness, peeling, scaliness, or roughness, skin irritation"
floaters,"diminished vision, symptoms of eye, foreign body sensation in eye, spots or clouds in vision, lacrimation"
tooth disorder,"headache, toothache, facial pain, mouth ulcer, peripheral edema, ear pain, jaw swelling, gum pain, bleeding gums, pain in gums"
heart attack,"shortness of breath, sharp chest pain, chest tightness, irregular heartbeat, fainting, nausea, arm pain, heartburn, increased heart rate, burning chest pain, sweating"
oral thrush (yeast infection),"sore throat, cough, nasal congestion, irritable infant, mouth ulcer, fever, tongue lesions, constipation, skin rash, mouth pain"
pityriasis rosea,"skin swelling, vaginal itching, abnormal appearing skin, itching of skin, warts, skin rash"
allergy to animals,"sore throat, cough, nasal congestion, cross-eyed, allergic reaction"
orthostatic hypotension,"sharp chest pain, dizziness, abnormal involuntary movements, irregular heartbeat, fainting, feeling ill, headache, weakness"
obstructive sleep apnea (osa),"shortness of breath, insomnia, abnormal involuntary movements, difficulty in swallowing, mouth dryness, weight gain, difficulty breathing, fatigue, sleepiness, apnea, abnormal breathing sounds, sweating"
hypokalemia,"shortness of breath, sharp chest pain, fainting, sharp abdominal pain, vomiting, headache, nausea, diarrhea, loss of sensation, fever"
psoriasis,"skin swelling, abnormal appearing skin, skin lesion, skin growth, irregular appearing scalp, skin moles, joint pain, itching of skin, skin dryness, peeling, scaliness, or roughness, itchy scalp, skin rash"
intussusception,"blood in stool, emotional symptoms, sharp abdominal pain"
cervicitis,"suprapubic pain, sharp abdominal pain, nausea, vaginal itching, painful urination, vaginal discharge, pain during pregnancy, pelvic pain"
abscess of the pharynx,"sharp chest pain, sore throat, cough, nasal congestion, throat swelling, difficulty in swallowing, headache, fever"
primary thrombocythemia,"dizziness, flatulence, fatigue"
arthritis of the hip,"leg pain, hip pain, back pain, low back pain, pelvic pain, knee pain, problems with movement, ache all over, lower body pain, joint pain, groin pain, hip stiffness or tightness"
decubitus ulcer,"difficulty speaking, skin lesion, skin on leg or foot looks infected, incontinence of stool"
hypernatremia,"shortness of breath, fainting, weakness, fever, difficulty breathing"
sensorineural hearing loss,"dizziness, hoarse voice, nasal congestion, diminished hearing, throat feels tight, ear pain, ringing in ear, plugged feeling in ear, itchy ear(s), fluid in ear"
chronic ulcer,"skin lesion, skin pain"
osteoporosis,"hip pain, back pain, bones are painful, disturbance of memory, leg cramps or spasms, stomach bloating, joint pain, muscle cramps, contractures, or spasms, early or late onset of menopause"
ileus,"sharp abdominal pain, vomiting, headache, nausea, diarrhea, lower abdominal pain, pain of the anus, burning abdominal pain, constipation"
sickle cell crisis,"sharp chest pain, leg pain, hip pain, sharp abdominal pain, vomiting, arm pain, back pain, low back pain, burning abdominal pain, knee pain, ache all over"
urethritis,"retention of urine, suprapubic pain, sharp abdominal pain, vaginal itching, painful urination, frequent urination, blood in urine, penis pain, penile discharge"
prostatitis,"retention of urine, sharp abdominal pain, painful urination, frequent urination, lower abdominal pain, blood in urine, back pain, impotence, fever, chills"
otitis externa (swimmer's ear),"sore throat, cough, diminished hearing, facial pain, ear pain, ringing in ear, plugged feeling in ear, itchy ear(s), fluid in ear, fever, redness in ear"
testicular torsion,"emotional symptoms, symptoms of the scrotum and testes, swelling of scrotum, pain in testicles, sharp abdominal pain, back pain"
tricuspid valve disease,"anxiety and nervousness, emotional symptoms"
urethral stricture,"retention of urine, suprapubic pain, symptoms of the scrotum and testes, painful urination, involuntary urination, blood in urine, symptoms of prostate, symptoms of bladder"
vitamin d deficiency,"hot flashes, arm stiffness or tightness, fatigue"
hydatidiform mole,"dizziness, sharp abdominal pain, diminished vision, pain during pregnancy, spotting or bleeding during pregnancy"
tuberculosis,"shortness of breath, cough, vaginal itching, congestion in chest"
pelvic fistula,"dizziness, elbow weakness, vaginal discharge"
acute bronchiolitis,"shortness of breath, cough, nasal congestion, irritable infant, vomiting, wheezing, decreased appetite, fever, difficulty breathing, coryza, pulling at ears, hurts to breath"
presbyopia,"difficulty speaking, diminished vision, symptoms of eye, pain in eye, abnormal movement of eyelid, foreign body sensation in eye, spots or clouds in vision"
dementia,"depressive or psychotic symptoms, insomnia, abnormal involuntary movements, hostile behavior, problems with movement, focal weakness, disturbance of memory, delusions or hallucinations"
paroxysmal ventricular tachycardia,"shortness of breath, sharp chest pain, dizziness, chest tightness, irregular heartbeat, fainting, weight gain, decreased heart rate, increased heart rate, fatigue"
congenital heart defect,"sharp chest pain, lack of growth, arm swelling, hand or finger stiffness or tightness"
connective tissue disorder,"difficulty in swallowing, feeling ill, joint pain"
pyogenic skin infection,"skin swelling, leg pain, hand or finger pain, hand or finger swelling, abnormal appearing skin, skin lesion, peripheral edema, foot or toe pain, leg swelling, foot or toe swelling, skin rash"
endometrial hyperplasia,"back weakness, involuntary urination, heavy menstrual flow, unpredictable menstruation, vaginal bleeding after menopause"
acanthosis nigricans,"skin lesion, acne or pimples, skin growth, weight gain"
central atherosclerosis,"shortness of breath, irregular heartbeat, blood in urine, fatigue"
viral exanthem,"cough, nasal congestion, skin swelling, vomiting, abnormal appearing skin, decreased appetite, fever, pulling at ears, itching of skin, skin rash"
noninfectious gastroenteritis,"blood in stool, sharp abdominal pain, vomiting, headache, nausea, diarrhea, burning abdominal pain, decreased appetite, fever, chills, rectal bleeding, fluid retention"
benign prostatic hyperplasia (bph),"retention of urine, swelling of scrotum, pain in testicles, involuntary urination, frequent urination, blood in urine, impotence, symptoms of prostate, excessive urination at night, symptoms of bladder, hesitancy, low urine output"
menopause,"vaginal itching, involuntary urination, hot flashes, absence of menstruation, unpredictable menstruation, sweating"
primary immunodeficiency,"cough, arm stiffness or tightness, frontal headache, decreased appetite, fatigue"
ovarian cancer,"groin mass, sharp abdominal pain, decreased appetite, stomach bloating"
cataract,"diminished vision, double vision, symptoms of eye, pain in eye, abnormal movement of eyelid, spots or clouds in vision, lacrimation, itchiness of eye, blindness, cloudy eye"
spinal stenosis,"leg pain, hip pain, headache, arm pain, back pain, neck pain, low back pain, problems with movement, loss of sensation, paresthesia, shoulder pain, lower body pain"
intestinal obstruction,"retention of urine, sharp abdominal pain, vomiting, nausea, vaginal itching, pain of the anus, burning abdominal pain, stomach bloating, constipation"
congenital malformation syndrome,"diminished hearing, lack of growth, seizures, gum pain"
sporotrichosis,"wrist pain, knee pain"
lymphangitis,"arm pain, neck swelling"
wernicke korsakoff syndrome,"anxiety and nervousness, depressive or psychotic symptoms, abusing alcohol"
intestinal disease,"sharp chest pain, fainting, sharp abdominal pain, vomiting, nausea, diarrhea, regurgitation, burning abdominal pain, regurgitation.1"
acute bronchitis,"shortness of breath, sharp chest pain, sore throat, cough, nasal congestion, headache, wheezing, fever, difficulty breathing, coughing up sputum, coryza, congestion in chest"
persistent vomiting of unknown cause,"dizziness, abnormal involuntary movements, sharp abdominal pain, vomiting, nausea, diarrhea, fever"
myocarditis,"sharp chest pain, dizziness, palpitations"
preeclampsia,"sharp abdominal pain, headache, lower abdominal pain, pain during pregnancy, vaginal redness, spots or clouds in vision, problems during pregnancy, recent pregnancy, uterine contractions"
ischemic heart disease,"shortness of breath, sharp chest pain, dizziness, chest tightness, palpitations, throat feels tight, peripheral edema, muscle pain, difficulty breathing, fatigue, lymphedema"
neurofibromatosis,"abnormal involuntary movements, groin mass, headache, abnormal appearing skin"
chickenpox,"cough, pain in testicles, abnormal appearing skin, fever, itching of skin, skin rash"
pancreatic cancer,"jaundice, sharp abdominal pain, nausea, diarrhea, arm swelling, ache all over, stomach bloating"
neuropathy due to drugs,"cough, vomiting, foot or toe pain, problems with movement, loss of sensation"
croup,"shortness of breath, hoarse voice, sore throat, cough, nasal congestion, vomiting, wheezing, fever, coryza, abnormal breathing sounds, pulling at ears"
idiopathic excessive menstruation,"sharp abdominal pain, involuntary urination, vaginal discharge, intermenstrual bleeding, cramps and spasms, blood clots during menstrual periods, long menstrual periods, heavy menstrual flow, unpredictable menstruation, painful menstruation, frequent menstruation"
amblyopia,"pus draining from ear, eye deviation, diminished vision, cross-eyed, pain in eye"
meckel diverticulum,"lower abdominal pain, knee lump or mass"
ear drum damage,"cough, nasal congestion, diminished hearing, pus draining from ear, ear pain, ringing in ear, plugged feeling in ear, fluid in ear, pulling at ears, redness in ear, bleeding from ear"
erectile dysfunction,"retention of urine, pain in testicles, involuntary urination, pain during intercourse, frequent urination, blood in urine, impotence, symptoms of prostate, excessive urination at night, loss of sex drive"
temporary or benign blood in urine,"retention of urine, suprapubic pain, sharp abdominal pain, painful urination, involuntary urination, frequent urination, lower abdominal pain, blood in urine, back pain, regurgitation, regurgitation.1, symptoms of bladder"
chondromalacia of the patella,"leg pain, knee pain, bones are painful, knee weakness, knee swelling, problems with movement"
onychomycosis,"skin swelling, abnormal appearing skin, skin growth, foot or toe pain, skin on leg or foot looks infected, irregular appearing nails, skin dryness, peeling, scaliness, or roughness, too little hair, skin rash"
urethral disorder,"retention of urine, suprapubic pain, abusing alcohol, sharp abdominal pain, vomiting, painful urination, involuntary urination, side pain"
lyme disease,"depressive or psychotic symptoms, hip pain, headache, abnormal appearing skin, symptoms of the face, fever, fatigue"
iron deficiency anemia,"dizziness, blood in stool, intermenstrual bleeding, regurgitation, weight gain, heartburn, weakness, fatigue, regurgitation.1, rectal bleeding, heavy menstrual flow"
acute respiratory distress syndrome (ards),"shortness of breath, depressive or psychotic symptoms, sharp chest pain, chest tightness, cough, wheezing, fever, difficulty breathing, chills"
toxic multinodular goiter,"abnormal involuntary movements, irregular heartbeat, involuntary urination, double vision, fatigue"
autonomic nervous system disorder,"dizziness, difficulty in swallowing, leg pain, headache, decreased appetite"
anemia,"shortness of breath, dizziness, vomiting blood, weakness, changes in stool appearance, fatigue, melena, nosebleed"
tendinitis,"leg pain, hip pain, hand or finger pain, wrist pain, hand or finger swelling, arm pain, knee pain, foot or toe pain, ankle pain, shoulder pain"
common cold,"sore throat, cough, nasal congestion, vomiting, headache, wheezing, ear pain, fever, chills, coryza, flu-like syndrome"
amyotrophic lateral sclerosis (als),"abnormal involuntary movements, difficulty speaking, difficulty in swallowing, weakness, leg cramps or spasms"
central retinal artery or vein occlusion,"irregular heartbeat, diminished vision, symptoms of eye, pain in eye, foreign body sensation in eye, blindness"
paroxysmal supraventricular tachycardia,"shortness of breath, sharp chest pain, dizziness, chest tightness, palpitations, irregular heartbeat, involuntary urination, weakness, increased heart rate"
venous insufficiency,"leg pain, abnormal appearing skin, skin lesion, leg cramps or spasms, lymphedema, skin on leg or foot looks infected, fluid retention, burning chest pain"
trichomonas infection,"sharp abdominal pain, vomiting, nausea, vaginal itching, lower abdominal pain, vaginal discharge, pain during pregnancy, unpredictable menstruation"
acne,"skin swelling, abnormal appearing skin, acne or pimples, skin growth, irregular appearing scalp, skin moles, long menstrual periods, skin dryness, peeling, scaliness, or roughness, skin rash"
urinary tract obstruction,"retention of urine, suprapubic pain, sharp abdominal pain, painful urination, frequent urination, blood in urine, back pain, side pain, symptoms of prostate, excessive urination at night"
diabetes insipidus,"dizziness, emotional symptoms"
iridocyclitis,"headache, diminished vision, symptoms of eye, pain in eye, foreign body sensation in eye, eye redness, lacrimation, eye burns or stings, cloudy eye"
varicocele of the testicles,"symptoms of the scrotum and testes, swelling of scrotum, pain in testicles, mass in scrotum, involuntary urination, lower abdominal pain, skin growth, pain of the anus, groin pain, infertility"
irritable bowel syndrome,"anxiety and nervousness, insomnia, flatulence, sharp abdominal pain, nausea, diarrhea, lower abdominal pain, burning abdominal pain, upper abdominal pain"
ovarian cyst,"sharp abdominal pain, vomiting, nausea, lower abdominal pain, vaginal discharge, intermenstrual bleeding, pelvic pain, burning abdominal pain, painful menstruation"
chlamydia,"sharp abdominal pain, vaginal itching, lower abdominal pain, vaginal discharge, pelvic pain, vaginal pain"
parasitic disease,"cough, retention of urine, sharp abdominal pain, hand or finger swelling, abnormal appearing skin, skin rash"
lipoma,"skin swelling, groin mass, abnormal appearing skin, skin lesion, skin growth, neck mass, bones are painful, back mass or lump, shoulder lump or mass, arm lump or mass"
female genitalia infection,"skin swelling, vaginal discharge, skin lesion, vaginal pain, vulvar irritation, groin pain, vulvar sore"
pulmonary hypertension,"shortness of breath, sharp chest pain, palpitations, cough, feeling ill, difficulty breathing, fatigue, hemoptysis, apnea"
thyroid nodule,"hoarse voice, diminished hearing, throat feels tight, difficulty in swallowing, back weakness, neck mass, fatigue"
broken tooth,"lip swelling, toothache, dry lips, facial pain, difficulty eating, gum pain, bleeding gums"
dumping syndrome,"vomiting, nausea, knee lump or mass"
lymphadenitis,"sore throat, cough, skin swelling, sharp abdominal pain, neck pain, neck mass, ear pain, neck swelling, fever"
aortic valve disease,"shortness of breath, sharp chest pain, palpitations, irregular heartbeat, groin mass, fainting, peripheral edema, difficulty breathing, lymphedema"
rheumatoid arthritis,"hand or finger pain, wrist pain, hand or finger swelling, wrist swelling, peripheral edema, knee pain, ache all over, joint pain, elbow swelling, joint swelling"
spermatocele,"retention of urine, elbow weakness, pain in testicles, mass in scrotum, frequent urination"
impetigo,"cough, nasal congestion, skin swelling, abnormal appearing skin, skin lesion, mouth ulcer, fever, itching of skin, skin rash, sore in nose"
anal fistula,"blood in stool, mass in scrotum, pain of the anus, rectal bleeding"
hypothermia,"depressive or psychotic symptoms, emotional symptoms, fainting, weakness"
migraine,"dizziness, vomiting, headache, nausea, diminished vision, spots or clouds in vision, blindness, symptoms of the face, disturbance of memory"
diabetic peripheral neuropathy,"leg pain, skin lesion, foot or toe pain, problems with movement, foot or toe swelling, loss of sensation, paresthesia, lymphedema, foot or toe stiffness or tightness"
testicular disorder,"hoarse voice, symptoms of the scrotum and testes, impotence, fatigue, loss of sex drive"
gestational diabetes,"pain during pregnancy, vaginal redness, problems during pregnancy, uterine contractions, pelvic pressure"
hidradenitis suppurativa,"skin swelling, groin mass, arm pain, skin lesion, skin growth, skin rash"
valley fever,"shortness of breath, hand or finger pain, fever, shoulder swelling"
conjunctivitis due to bacteria,"sore throat, cough, nasal congestion, abnormal appearing skin, eye redness, fever"
lewy body dementia,"depressive or psychotic symptoms, abnormal involuntary movements, hostile behavior, disturbance of memory, delusions or hallucinations"
multiple myeloma,"lip swelling, problems with movement, weakness, disturbance of memory, fatigue"
ascending cholangitis,"shortness of breath, retention of urine, jaundice, sharp abdominal pain, fever"
idiopathic irregular menstrual cycle,"sharp abdominal pain, lower abdominal pain, intermenstrual bleeding, pelvic pain, cramps and spasms, long menstrual periods, heavy menstrual flow, unpredictable menstruation, painful menstruation, infertility, frequent menstruation"
interstitial lung disease,"shortness of breath, sore throat, cough, nasal congestion, headache, wheezing, fever, sleepiness, abnormal breathing sounds"
mononeuritis,"leg pain, hand or finger pain, wrist pain, arm pain, foot or toe pain, ankle pain, elbow pain, loss of sensation, shoulder pain, hand or finger weakness"
malaria,"fainting, headache, knee lump or mass, fever"
hypovolemia,"dizziness, fainting, sharp abdominal pain, feeling ill, vomiting, nausea, diarrhea, decreased appetite, fever"
endocarditis,"shortness of breath, sharp chest pain, dizziness, palpitations, irregular heartbeat, increased heart rate"
sepsis,"shortness of breath, cough, suprapubic pain, sharp abdominal pain, feeling ill, vomiting, weakness, decreased appetite, fever, difficulty breathing, chills"
heat stroke,"dizziness, feeling hot"
cholecystitis,"sharp chest pain, sharp abdominal pain, vomiting, nausea, back pain, burning abdominal pain, side pain, lower body pain, upper abdominal pain, stomach bloating, regurgitation.1, symptoms of the kidneys"
cardiac arrest,"shortness of breath, sharp chest pain, palpitations, irregular heartbeat, arm swelling, weakness, decreased heart rate, difficulty breathing"
cardiomyopathy,"shortness of breath, sharp chest pain, chest tightness, irregular heartbeat, peripheral edema, heartburn, decreased heart rate, fatigue"
meningitis,"cough, vomiting, headache, nausea, neck pain, neck stiffness or tightness, fever, ache all over"
spherocytosis,"cough, elbow weakness, skin rash"
hormone disorder,"lack of growth, headache, hot flashes, acne or pimples, excessive growth"
raynaud disease,"hand or finger pain, hand or finger swelling, loss of sensation"
reactive arthritis,"hip pain, knee lump or mass"
scabies,"skin swelling, abnormal appearing skin, foot or toe swelling, problems during pregnancy, unpredictable menstruation, itching of skin, skin rash"
ear wax impaction,"cough, nasal congestion, diminished hearing, ear pain, ringing in ear, plugged feeling in ear, fluid in ear, fever, pulling at ears, sinus congestion"
hypertension of pregnancy,"headache, pain during pregnancy, heartburn, problems during pregnancy, spotting or bleeding during pregnancy, uterine contractions"
peripheral arterial embolism,"leg pain, abnormal appearing skin, knee swelling, leg swelling, loss of sensation, paresthesia"
rosacea,"skin swelling, abnormal appearing skin, skin lesion, acne or pimples, skin growth, symptoms of eye, skin moles, lymphedema, itching of skin, skin dryness, peeling, scaliness, or roughness"
uveitis,"elbow weakness, diminished vision, symptoms of eye"
tracheitis,"shortness of breath, hoarse voice, sore throat, cough, nasal congestion, fever, sneezing"
jaw disorder,"difficulty in swallowing, headache, toothache, facial pain, peripheral edema, neck mass, jaw swelling, mouth pain"
perirectal infection,"skin swelling, swelling of scrotum, pain in testicles, abnormal appearing skin, skin lesion, pain of the anus"
breast cyst,"vaginal dryness, skin growth, pain or soreness of breast, lump or mass of breast"
kidney cancer,"retention of urine, groin mass, involuntary urination, blood in urine, kidney mass"
vulvar cancer,"insomnia, emotional symptoms, back pain"
blepharitis,"white discharge from eye, diminished vision, symptoms of eye, pain in eye, spots or clouds in vision, eye redness, lacrimation, itchiness of eye, eye burns or stings, swollen eye, eyelid swelling"
celiac disease,"sharp chest pain, sharp abdominal pain, vomiting, nausea, peripheral edema, regurgitation.1"
cystitis,"retention of urine, suprapubic pain, sharp abdominal pain, painful urination, involuntary urination, frequent urination, lower abdominal pain, blood in urine, back pain, pelvic pain, side pain, symptoms of bladder"
sickle cell anemia,"leg pain, dry lips, back pain, fever, ache all over, joint pain, temper problems, pulling at ears"
subconjunctival hemorrhage,"headache, facial pain, diminished vision, symptoms of eye, pain in eye, foreign body sensation in eye, eye redness, bleeding from eye"
hemorrhoids,"blood in stool, sharp abdominal pain, pain of the anus, heartburn, lower body pain, changes in stool appearance, melena, rectal bleeding, constipation, mass or swelling around the anus, itching of the anus"
contact dermatitis,"skin swelling, abnormal appearing skin, skin lesion, acne or pimples, skin moles, allergic reaction, swollen eye, itching of skin, skin dryness, peeling, scaliness, or roughness, skin irritation, skin rash"
sinus bradycardia,"shortness of breath, sharp chest pain, dizziness, chest tightness, palpitations, irregular heartbeat, fainting, feeling ill, weakness, decreased heart rate, increased heart rate"
high blood pressure,"sharp chest pain, headache"
pelvic inflammatory disease,"suprapubic pain, sharp abdominal pain, vomiting, nausea, painful urination, lower abdominal pain, vaginal discharge, intermenstrual bleeding, back pain, pelvic pain, burning abdominal pain"
liver disease,"shortness of breath, blood in stool, jaundice, sharp abdominal pain, nausea, diarrhea, peripheral edema, heartburn, weakness, side pain, upper abdominal pain, unusual color or odor to urine"
chronic constipation,"retention of urine, blood in stool, sharp abdominal pain, vomiting, nausea, lower abdominal pain, pain of the anus, burning abdominal pain, changes in stool appearance, rectal bleeding, constipation"
thyroid cancer,"difficulty in swallowing, swollen lymph nodes, neck mass, fatigue"
flu,"sore throat, cough, vomiting, headache, nausea, diarrhea, fever, ache all over, chills, coryza"
friedrich ataxia,"cough, ear pain, knee lump or mass"
skin polyp,"skin swelling, abnormal appearing skin, skin lesion, acne or pimples, skin growth, irregular appearing scalp, skin moles, itching of skin, skin dryness, peeling, scaliness, or roughness, skin irritation, warts"
brachial neuritis,"headache, hand or finger pain, arm pain, back pain, neck pain, low back pain, elbow pain, loss of sensation, paresthesia, shoulder pain, hand or finger weakness"
cervical cancer,"jaundice, vaginal itching, vaginal discharge, pelvic pain, vulvar irritation, heavy menstrual flow"
adrenal adenoma,"anxiety and nervousness, shortness of breath, back weakness, sharp abdominal pain"
esophagitis,"shortness of breath, sharp chest pain, chest tightness, sore throat, cough, difficulty in swallowing, sharp abdominal pain, vomiting, nausea, burning abdominal pain, heartburn, upper abdominal pain"
gas gangrene,"sharp abdominal pain, wrist pain"
yeast infection,"suprapubic pain, sharp abdominal pain, vaginal itching, frequent urination, vaginal discharge, pelvic pain, vaginal pain, skin rash, diaper rash"
spina bifida,"headache, involuntary urination, skin lesion, eye moves abnormally, back pain, disturbance of memory"
alcoholic liver disease,"abnormal involuntary movements, abusing alcohol, sharp abdominal pain, diarrhea, peripheral edema, weight gain, stomach bloating"
malignant hypertension,"shortness of breath, depressive or psychotic symptoms, sharp chest pain, insomnia, vomiting, headache, lower body pain"
diverticulitis,"blood in stool, sharp abdominal pain, vomiting, nausea, diarrhea, lower abdominal pain, burning abdominal pain, side pain, fever, upper abdominal pain, chills, constipation"
moyamoya disease,"depressive or psychotic symptoms, elbow weakness"
heat exhaustion,"shortness of breath, sharp chest pain, dizziness, fainting, vomiting, headache, weakness, fluid retention"
frostbite,"sharp chest pain, elbow weakness, foot or toe pain"
atrophy of the corpus cavernosum,"frequent urination, abnormal appearing skin, skin growth, impotence, bumps on penis"
essential tremor,"dizziness, abnormal involuntary movements, hoarse voice, problems with movement, muscle pain, loss of sensation, disturbance of memory"
idiopathic painful menstruation,"sharp abdominal pain, vaginal itching, lower abdominal pain, vaginal discharge, pelvic pain, cramps and spasms, blood clots during menstrual periods, long menstrual periods, heavy menstrual flow, unpredictable menstruation, painful menstruation"
down syndrome,"difficulty speaking, cough, nasal congestion, lack of growth, decreased appetite, seizures"
idiopathic infrequent menstruation,"retention of urine, sharp abdominal pain, nausea, unpredictable menstruation"
pneumothorax,"shortness of breath, sharp chest pain, cough, drug abuse, back pain, side pain, shoulder pain, hurts to breath"
de quervain disease,"abnormal involuntary movements, hand or finger pain, wrist pain, hand or finger swelling, arm pain, wrist swelling, shoulder pain"
human immunodeficiency virus infection (hiv),"drug abuse, fears and phobias, nightmares"
mumps,"sore throat, swollen lymph nodes, ear pain, shoulder swelling"
subarachnoid hemorrhage,"dizziness, fainting, vomiting, headache, symptoms of eye, loss of sensation"
acute fatty liver of pregnancy (aflp),"emotional symptoms, sharp abdominal pain"
ectropion,"white discharge from eye, symptoms of eye, pain in eye, eye redness, lacrimation"
scar,"skin swelling, lip swelling, abnormal appearing skin, skin lesion, skin growth, skin moles, itching of skin"
lactose intolerance,"shortness of breath, nasal congestion, flatulence, diarrhea, impotence, burning abdominal pain"
eustachian tube dysfunction (ear disorder),"dizziness, sore throat, nasal congestion, diminished hearing, ear pain, ringing in ear, plugged feeling in ear, allergic reaction, abnormal breathing sounds, redness in ear, swollen or red tonsils"
appendicitis,"sharp abdominal pain, vomiting, nausea, diarrhea, lower abdominal pain, burning abdominal pain, decreased appetite, side pain, fever, upper abdominal pain, stomach bloating"
graves disease,"dizziness, abnormal involuntary movements, palpitations, irregular heartbeat, involuntary urination, hemoptysis, sweating"
phimosis,"retention of urine, symptoms of the scrotum and testes, painful urination, blood in urine, penis pain, penis redness"
hyperemesis gravidarum,"dizziness, sharp abdominal pain, vomiting, headache, nausea, diarrhea, pain during pregnancy, vomiting blood, burning abdominal pain, weakness, problems during pregnancy"
pregnancy,"pain during pregnancy, problems during pregnancy, spotting or bleeding during pregnancy, cramps and spasms, uterine contractions, pelvic pressure"
thalassemia,"insomnia, elbow weakness"
placenta previa,"involuntary urination, pain during pregnancy, spotting or bleeding during pregnancy, cramps and spasms"
epidural hemorrhage,"depressive or psychotic symptoms, dizziness, emotional symptoms"
septic arthritis,"leg pain, hip pain, knee pain, knee swelling, fever"
athlete's foot,"skin swelling, abnormal appearing skin, skin lesion, foot or toe pain, foot or toe swelling, irregular appearing nails, skin dryness, peeling, scaliness, or roughness, skin rash"
pleural effusion,"shortness of breath, sharp chest pain, cough, sharp abdominal pain, back pain, weakness, side pain, difficulty breathing, rib pain, hurts to breath"
aphakia,"diminished vision, symptoms of eye, spots or clouds in vision, eye burns or stings"
vulvar disorder,"vaginal itching, pain during intercourse, vaginal discharge, vaginal pain, vulvar irritation, skin dryness, peeling, scaliness, or roughness"
sialoadenitis,"sore throat, cough, nasal congestion, facial pain, swollen lymph nodes, peripheral edema, neck mass, jaw swelling, neck swelling"
gynecomastia,"skin swelling, back pain, neck pain, bones are painful, problems with shape or size of breast, pain or soreness of breast, lump or mass of breast"
urinary tract infection,"retention of urine, suprapubic pain, vomiting, nausea, painful urination, frequent urination, lower abdominal pain, blood in urine, back pain, side pain, fever"
histoplasmosis,"cough, elbow weakness, lacrimation"
erythema multiforme,"difficulty in swallowing, vomiting, mouth ulcer, fever, skin rash"
scoliosis,"leg pain, back pain, low back pain, knee swelling, problems with movement, knee stiffness or tightness, lower body pain"
bunion,"skin growth, knee pain, foot or toe pain, skin moles, foot or toe lump or mass"
arrhythmia,"shortness of breath, sharp chest pain, dizziness, chest tightness, palpitations, fainting, leg cramps or spasms, fatigue"
trigeminal neuralgia,"dizziness, abnormal involuntary movements, headache, toothache, facial pain, pain in eye, symptoms of the face"
ankylosing spondylitis,"leg pain, hip pain, back pain, low back pain, knee pain, elbow pain, paresthesia, ache all over, lower body pain, stiffness all over"
peripheral nerve disorder,"dizziness, abnormal involuntary movements, leg pain, arm pain, back pain, foot or toe pain, problems with movement, loss of sensation, disturbance of memory, paresthesia, arm weakness, leg weakness"
sebaceous cyst,"skin swelling, abnormal appearing skin, skin lesion, acne or pimples, skin growth, irregular appearing scalp, neck mass, skin moles, hand or finger lump or mass, back mass or lump, arm lump or mass"
prostate cancer,"retention of urine, involuntary urination, pain during intercourse, blood in urine, impotence, symptoms of prostate, flushing, excessive urination at night"
cerebral edema,"dizziness, vomiting, headache, arm pain, neck pain, focal weakness"
birth trauma,"depressive or psychotic symptoms, emotional symptoms, arm stiffness or tightness"
chronic pancreatitis,"abusing alcohol, sharp abdominal pain, vomiting, nausea, diarrhea, skin growth, back pain, ache all over"
hematoma,"skin swelling, swelling of scrotum, sharp abdominal pain, arm swelling, ache all over"
carcinoid syndrome,"involuntary urination, knee lump or mass"
seborrheic keratosis,"skin swelling, abnormal appearing skin, skin lesion, acne or pimples, skin growth, irregular appearing scalp, skin moles, itching of skin, skin irritation, warts, skin rash"
spontaneous abortion,"sharp abdominal pain, lower abdominal pain, intermenstrual bleeding, pain during pregnancy, pelvic pain, burning abdominal pain, problems during pregnancy, spotting or bleeding during pregnancy, cramps and spasms, blood clots during menstrual periods, uterine contractions, heavy menstrual flow"
genital herpes,"suprapubic pain, vaginal itching, painful urination, vaginal discharge, skin lesion, recent pregnancy, skin rash"
gallstone,"sharp chest pain, sharp abdominal pain, vomiting, nausea, back pain, burning abdominal pain, heartburn, side pain, lower body pain, upper abdominal pain, regurgitation.1"
multiple sclerosis,"dizziness, abnormal involuntary movements, headache, problems with movement, weakness, loss of sensation, focal weakness, disturbance of memory, paresthesia, fatigue, leg weakness"
zenker diverticulum,"sharp chest pain, sore throat, elbow weakness"
pneumoconiosis,"shortness of breath, dizziness, cough, fever"
hyperlipidemia,"sharp chest pain, weight gain, smoking problems"
ulcerative colitis,"blood in stool, sharp abdominal pain, vomiting, nausea, diarrhea, lower abdominal pain, swollen lymph nodes, burning abdominal pain, rectal bleeding"
male genitalia infection,"swelling of scrotum, pain in testicles, mass in scrotum, irritable infant, abnormal appearing skin, bumps on penis"
hpv,"vaginal itching, involuntary urination, warts"
angina,"shortness of breath, sharp chest pain, dizziness, chest tightness, palpitations, irregular heartbeat, hot flashes, arm pain, increased heart rate, lower body pain, sweating"
nasal polyp,"hoarse voice, cough, nasal congestion, headache, facial pain, frontal headache, allergic reaction, painful sinuses"
lichen simplex,"difficulty speaking, vaginal itching, skin lesion, itching of skin, skin rash"
trichiasis,"emotional symptoms, diminished vision, foreign body sensation in eye, eye redness, eyelid lesion or rash"
acariasis,"emotional symptoms, swelling of scrotum, itching of skin, skin rash"
colorectal cancer,"blood in stool, sharp abdominal pain, pain of the anus, rectal bleeding, mass or swelling around the anus, drainage in throat"
skin pigmentation disorder,"skin swelling, abnormal appearing skin, skin lesion, acne or pimples, skin growth, irregular appearing scalp, skin moles, itching of skin, skin dryness, peeling, scaliness, or roughness, warts, skin rash"
lymphogranuloma venereum,"sore throat, ear pain, knee lump or mass"
galactorrhea of unknown cause,"anxiety and nervousness, emotional symptoms, bleeding or discharge from nipple, pain or soreness of breast"
g6pd enzyme deficiency,"cough, emotional symptoms"
nerve impingement near the shoulder,"arm pain, hand or finger stiffness or tightness, neck pain, elbow pain, problems with movement, shoulder pain, shoulder stiffness or tightness, shoulder weakness"
toxoplasmosis,"emotional symptoms, diminished vision"
fibroadenoma,"vaginal dryness, hot flashes, bones are painful, bleeding or discharge from nipple, pain or soreness of breast, lump or mass of breast"
missed abortion,"blood in stool, sharp abdominal pain, lower abdominal pain, intermenstrual bleeding, pain during pregnancy, problems during pregnancy, spotting or bleeding during pregnancy, cramps and spasms, blood clots during menstrual periods"
diabetic ketoacidosis,"depressive or psychotic symptoms, sharp chest pain, sharp abdominal pain, vomiting, nausea, diarrhea, frequent urination, weakness, decreased appetite, fluid retention"
granuloma inguinale,"sharp chest pain, knee lump or mass"
hyponatremia,"shortness of breath, sharp chest pain, fainting, sharp abdominal pain, vomiting, nausea, back pain, weakness, seizures"
stricture of the esophagus,"sharp chest pain, difficulty in swallowing, vomiting, problems with movement, heartburn, regurgitation.1"
soft tissue sarcoma,"groin mass, abnormal appearing skin, skin lesion, skin growth, skin moles, itching of skin, skin dryness, peeling, scaliness, or roughness"
bone disorder,"difficulty speaking, leg pain, back pain, knee pain, bones are painful, leg cramps or spasms, muscle stiffness or tightness"
epilepsy,"abnormal involuntary movements, difficulty speaking, lack of growth, headache, disturbance of memory, seizures, muscle weakness"
shingles (herpes zoster),"sharp chest pain, headache, abnormal appearing skin, skin lesion, facial pain, pain in eye, back pain, itching of skin, skin rash"
avascular necrosis,"hip pain, drug abuse, knee pain, shoulder pain"
strep throat,"sore throat, cough, nasal congestion, difficulty in swallowing, vomiting, headache, ear pain, decreased appetite, fever, ache all over, chills, skin rash"
spinocerebellar ataxia,"anxiety and nervousness, dizziness, abnormal involuntary movements, problems with movement"
osteomyelitis,"difficulty speaking, hand or finger pain, hand or finger swelling, arm swelling, skin lesion, bones are painful, skin on leg or foot looks infected"
sjogren syndrome,"difficulty in swallowing, diminished vision, symptoms of eye, pain in eye, ache all over, joint pain"
adhesive capsulitis of the shoulder,"arm pain, neck pain, muscle pain, shoulder pain, shoulder stiffness or tightness, ache all over"
viral hepatitis,"abusing alcohol, sharp abdominal pain, hand or finger stiffness or tightness, stomach bloating, melena"
tonsillar hypertrophy,"sore throat, cough, nasal congestion, difficulty in swallowing, fever, apnea, abnormal breathing sounds, redness in ear"
gastritis,"sharp chest pain, sharp abdominal pain, vomiting, headache, nausea, diarrhea, vomiting blood, burning abdominal pain, fever, regurgitation.1"
skin cancer,"skin swelling, lip swelling, abnormal appearing skin, skin lesion, skin growth, irregular appearing scalp, skin moles, skin dryness, peeling, scaliness, or roughness, skin irritation, warts"
rheumatic fever,"knee lump or mass, itchiness of eye"
aphthous ulcer,"sore throat, cough, headache, toothache, mouth ulcer, fever, tongue lesions, mouth pain"
tonsillitis,"sore throat, nasal congestion, diminished hearing, lump in throat, throat feels tight, abnormal breathing sounds, redness in ear, swollen or red tonsils, throat redness"
intestinal cancer,"throat feels tight, sharp abdominal pain, diarrhea, neck mass, foot or toe swelling"
rocky mountain spotted fever,"headache, wrist pain"
stomach cancer,"difficulty in swallowing, sharp abdominal pain, vomiting, nausea, diarrhea, burning abdominal pain, heartburn"
callus,"skin swelling, abnormal appearing skin, skin lesion, acne or pimples, skin growth, foot or toe pain, foot or toe swelling, irregular appearing nails, skin rash"
guillain barre syndrome,"dizziness, difficulty speaking, leg pain, hand or finger pain, loss of sensation"
lumbago,"leg pain, hip pain, back pain, low back pain, muscle pain, side pain, low back cramps or spasms"
deviated nasal septum,"sore throat, nasal congestion, headache, facial pain, difficulty breathing, allergic reaction, apnea, abnormal breathing sounds, painful sinuses, nosebleed"
hemangioma,"skin swelling, lip swelling, abnormal appearing skin, skin lesion, skin growth, irregular appearing scalp, skin moles, lymphedema, irregular appearing nails, skin dryness, peeling, scaliness, or roughness"
peripheral arterial disease,"leg pain, skin lesion, foot or toe pain, feeling cold, leg cramps or spasms, symptoms of the kidneys, lymphedema, poor circulation"
chronic back pain,"leg pain, hip pain, back pain, neck pain, low back pain, loss of sensation, side pain, lower body pain, groin pain, back cramps or spasms, back stiffness or tightness"
heart failure,"shortness of breath, sharp chest pain, chest tightness, palpitations, cough, weight gain, leg swelling, weakness, difficulty breathing, fluid retention, hurts to breath"
conjunctivitis,"sore throat, cough, nasal congestion, white discharge from eye, pain in eye, eye redness, lacrimation, itchiness of eye, fever, coryza, swollen eye"
herniated disk,"leg pain, hip pain, arm pain, back pain, neck pain, low back pain, loss of sensation, paresthesia, shoulder pain, arm weakness, leg weakness"
rhabdomyolysis,"depressive or psychotic symptoms, sharp chest pain, hoarse voice, leg pain, arm pain"
breast infection (mastitis),"abnormal appearing skin, skin growth, mouth dryness, bleeding or discharge from nipple, fever, chills, pain or soreness of breast, lump or mass of breast, postpartum problems of the breast"
abdominal aortic aneurysm,"shortness of breath, palpitations, sharp abdominal pain, arm swelling, back pain, burning abdominal pain"
pulmonary embolism,"shortness of breath, sharp chest pain, chest tightness, cough, leg pain, leg swelling, weakness, side pain, difficulty breathing, hemoptysis, sweating"
mastectomy,"skin swelling, arm stiffness or tightness, pain or soreness of breast"
epididymitis,"retention of urine, swelling of scrotum, pain in testicles, mass in scrotum, sharp abdominal pain, painful urination, side pain, lower body pain, groin pain"
premature rupture of amniotic membrane,"elbow weakness, sharp abdominal pain, uterine contractions"
molluscum contagiosum,"skin swelling, abnormal appearing skin, skin lesion, acne or pimples, knee lump or mass, itching of skin, skin dryness, peeling, scaliness, or roughness, warts, skin rash"
necrotizing fasciitis,"leg pain, hip pain, elbow weakness"
benign vaginal discharge (leukorrhea),"suprapubic pain, sharp abdominal pain, vaginal itching, painful urination, frequent urination, vaginal discharge, pain during pregnancy, burning abdominal pain, vaginal redness, problems during pregnancy"
bladder obstruction,"retention of urine, suprapubic pain, involuntary urination, frequent urination, impotence, symptoms of bladder, bedwetting, hesitancy"
melanoma,"skin swelling, abnormal appearing skin, skin lesion, skin growth, irregular appearing scalp, swollen lymph nodes, skin moles, itchy eyelid"
cervical disorder,"sharp abdominal pain, vaginal itching, pain during intercourse, pelvic pain"
laryngitis,"hoarse voice, sore throat, difficulty speaking, cough, nasal congestion, throat feels tight, difficulty in swallowing, ear pain, fever, coryza"
dyshidrosis,"frequent urination, abnormal appearing skin, skin lesion, acne or pimples, skin rash"
diaper rash,"cough, nasal congestion, blood in stool, irritable infant, vomiting, diarrhea, fever, temper problems, pulling at ears, skin rash, diaper rash"
lichen planus,"difficulty speaking, abnormal appearing skin, skin growth"
gastroduodenal ulcer,"sharp chest pain, blood in stool, sharp abdominal pain, vomiting, nausea, vomiting blood, burning abdominal pain, heartburn, upper abdominal pain, changes in stool appearance"
inguinal hernia,"groin mass, symptoms of the scrotum and testes, swelling of scrotum, pain in testicles, mass in scrotum, sharp abdominal pain, lower abdominal pain, ache all over, swollen abdomen, groin pain"
eczema,"cough, skin swelling, abnormal appearing skin, skin lesion, acne or pimples, irregular appearing scalp, allergic reaction, itching of skin, skin dryness, peeling, scaliness, or roughness, skin irritation, warts, skin rash"
mucositis,"sore throat, difficulty in swallowing, irritable infant, mouth ulcer, decreased appetite, fever, tongue lesions, mouth pain"
paronychia,"hand or finger pain, hand or finger swelling, abnormal appearing skin, foot or toe pain, foot or toe swelling, hand or finger lump or mass, skin on leg or foot looks infected, sinus congestion, skin on arm or hand looks infected"
white blood cell disease,"cough, sharp abdominal pain, vomiting, nausea, diarrhea, heartburn, fever, chills, fatigue"
kaposi sarcoma,"depression, elbow weakness"
spondylolisthesis,"leg pain, hip pain, back pain, neck pain, low back pain, problems with movement, loss of sensation, paresthesia, leg cramps or spasms, leg weakness"
pseudotumor cerebri,"dizziness, abnormal involuntary movements, headache, diminished vision, pain in eye"
conjunctivitis due to virus,"cough, nasal congestion, white discharge from eye, diminished vision, pain in eye, eye redness, lacrimation, itchiness of eye, fever, swollen eye"
